phuong_xa,period_month,attp_cert_issued_count,certified_facility_count,attp_valid_count,processing_time_p50,processing_time_p90,facility_count,certified_facility_rate
1,2022-11,,,,60.0,60.0,65,
1,2023-01,3.0,3.0,3.0,,,65,0.046153846153846156
1,2023-02,,,,60.0,60.0,65,
1,2023-03,,,,60.0,60.0,65,
1,2023-04,1.0,1.0,1.0,60.0,60.0,65,0.015384615384615385
1,2023-05,2.0,3.0,3.0,,,65,0.046153846153846156
1,2023-06,2.0,2.0,2.0,60.0,60.0,65,0.03076923076923077
1,2023-07,,,,60.0,60.0,65,
1,2023-08,1.0,1.0,1.0,60.0,60.0,65,0.015384615384615385
1,2023-09,1.0,1.0,1.0,,,65,0.015384615384615385
1,2023-10,2.0,2.0,2.0,,,65,0.03076923076923077
10,2022-11,,,,60.0,60.0,100,
10,2022-12,,,,60.0,60.0,100,
10,2023-01,1.0,3.0,3.0,60.0,60.0,100,0.03
10,2023-02,1.0,2.0,2.0,60.0,60.0,100,0.02
10,2023-03,2.0,2.0,2.0,60.0,60.0,100,0.02
10,2023-04,1.0,1.0,1.0,,,100,0.01
10,2023-05,2.0,2.0,2.0,,,100,0.02
10,2023-07,,,,60.0,60.0,100,
10,2023-08,1.0,1.0,1.0,60.0,60.0,100,0.01
10,2023-09,1.0,1.0,1.0,60.0,60.0,100,0.01
10,2023-10,1.0,1.0,1.0,60.0,60.0,100,0.01
10,2023-11,2.0,2.0,2.0,,,100,0.02
10,2023-12,3.0,3.0,3.0,,,100,0.03
11,2022-11,,,,60.0,60.0,108,
11,2022-12,,,,60.0,60.0,108,
11,2023-01,2.0,2.0,2.0,60.0,60.0,108,0.018518518518518517
11,2023-02,2.0,2.0,2.0,,,108,0.018518518518518517
11,2023-03,1.0,1.0,1.0,,,108,0.009259259259259259
11,2023-06,,,,60.0,60.0,108,
11,2023-07,1.0,1.0,1.0,60.0,60.0,108,0.009259259259259259
11,2023-08,1.0,1.0,1.0,60.0,60.0,108,0.009259259259259259
11,2023-09,2.0,2.0,2.0,60.0,60.0,108,0.018518518518518517
11,2023-10,3.0,4.0,4.0,60.0,60.0,108,0.037037037037037035
11,2023-11,2.0,2.0,2.0,,,108,0.018518518518518517
11,2023-12,1.0,2.0,2.0,,,108,0.018518518518518517
12,2022-11,,,,60.0,60.0,195,
12,2022-12,,,,60.0,60.0,195,
12,2023-01,5.0,5.0,5.0,60.0,60.0,195,0.02564102564102564
12,2023-02,2.0,2.0,2.0,60.0,60.0,195,0.010256410256410256
12,2023-03,2.0,2.0,2.0,60.0,60.0,195,0.010256410256410256
12,2023-04,1.0,1.0,1.0,60.0,60.0,195,0.005128205128205128
12,2023-05,3.0,3.0,3.0,60.0,60.0,195,0.015384615384615385
12,2023-06,3.0,3.0,3.0,,,195,0.015384615384615385
12,2023-07,1.0,1.0,1.0,60.0,60.0,195,0.005128205128205128
12,2023-08,1.0,1.0,1.0,60.0,60.0,195,0.005128205128205128
12,2023-09,3.0,3.0,3.0,60.0,60.0,195,0.015384615384615385
12,2023-10,3.0,3.0,3.0,60.0,60.0,195,0.015384615384615385
12,2023-11,4.0,3.0,4.0,,,195,0.020512820512820513
12,2023-12,3.0,3.0,3.0,,,195,0.015384615384615385
13,2022-11,,,,60.0,60.0,119,
13,2022-12,,,,60.0,60.0,119,
13,2023-01,4.0,5.0,5.0,60.0,60.0,119,0.04201680672268908
13,2023-02,1.0,1.0,1.0,60.0,60.0,119,0.008403361344537815
13,2023-03,1.0,1.0,1.0,60.0,60.0,119,0.008403361344537815
13,2023-04,2.0,2.0,2.0,60.0,60.0,119,0.01680672268907563
13,2023-05,3.0,3.0,3.0,60.0,60.0,119,0.025210084033613446
13,2023-06,3.0,4.0,4.0,,,119,0.03361344537815126
13,2023-07,2.0,2.0,2.0,60.0,60.0,119,0.01680672268907563
13,2023-08,,,,60.0,60.0,119,
13,2023-09,1.0,1.0,1.0,60.0,60.0,119,0.008403361344537815
13,2023-10,2.0,2.0,2.0,60.0,60.0,119,0.01680672268907563
13,2023-11,2.0,2.0,2.0,,,119,0.01680672268907563
13,2023-12,4.0,4.0,4.0,,,119,0.03361344537815126
14,2022-11,,,,60.0,60.0,109,
14,2022-12,,,,60.0,60.0,109,
14,2023-01,2.0,2.0,2.0,60.0,60.0,109,0.01834862385321101
14,2023-02,1.0,1.0,1.0,,,109,0.009174311926605505
14,2023-03,1.0,2.0,2.0,60.0,60.0,109,0.01834862385321101
14,2023-04,,,,60.0,60.0,109,
14,2023-05,2.0,2.0,2.0,60.0,60.0,109,0.01834862385321101
14,2023-06,5.0,6.0,6.0,,,109,0.05504587155963303
14,2023-07,1.0,1.0,1.0,60.0,60.0,109,0.009174311926605505
14,2023-09,2.0,2.0,2.0,60.0,60.0,109,0.01834862385321101
14,2023-10,,,,60.0,60.0,109,
14,2023-11,3.0,3.0,3.0,,,109,0.027522935779816515
14,2023-12,3.0,3.0,3.0,,,109,0.027522935779816515
15,2022-12,,,,60.0,60.0,124,
15,2023-01,,,,60.0,60.0,124,
15,2023-02,2.0,3.0,3.0,60.0,60.0,124,0.024193548387096774
15,2023-03,1.0,1.0,1.0,60.0,60.0,124,0.008064516129032258
15,2023-04,2.0,3.0,3.0,60.0,60.0,124,0.024193548387096774
15,2023-05,1.0,1.0,1.0,60.0,60.0,124,0.008064516129032258
15,2023-06,1.0,1.0,1.0,60.0,60.0,124,0.008064516129032258
15,2023-07,1.0,1.0,1.0,60.0,60.0,124,0.008064516129032258
15,2023-08,2.0,2.0,2.0,60.0,60.0,124,0.016129032258064516
15,2023-09,1.0,1.0,1.0,60.0,60.0,124,0.008064516129032258
15,2023-10,5.0,5.0,5.0,60.0,60.0,124,0.04032258064516129
15,2023-11,4.0,5.0,5.0,,,124,0.04032258064516129
15,2023-12,2.0,3.0,3.0,,,124,0.024193548387096774
16,2022-11,,,,60.0,60.0,36,
16,2023-01,1.0,1.0,1.0,60.0,60.0,36,0.027777777777777776
16,2023-03,1.0,1.0,1.0,60.0,60.0,36,0.027777777777777776
16,2023-04,,,,60.0,60.0,36,
16,2023-05,2.0,2.0,2.0,,,36,0.05555555555555555
16,2023-06,1.0,1.0,1.0,60.0,60.0,36,0.027777777777777776
16,2023-07,1.0,1.0,1.0,60.0,60.0,36,0.027777777777777776
16,2023-08,,,,60.0,60.0,36,
16,2023-09,1.0,1.0,1.0,60.0,60.0,36,0.027777777777777776
16,2023-10,1.0,1.0,1.0,60.0,60.0,36,0.027777777777777776
16,2023-11,3.0,4.0,4.0,,,36,0.1111111111111111
16,2023-12,2.0,2.0,2.0,,,36,0.05555555555555555
17,2022-11,,,,60.0,60.0,38,
17,2022-12,,,,60.0,60.0,38,
17,2023-01,2.0,2.0,2.0,60.0,60.0,38,0.05263157894736842
17,2023-02,2.0,2.0,2.0,,,38,0.05263157894736842
17,2023-03,4.0,4.0,4.0,60.0,60.0,38,0.10526315789473684
17,2023-05,1.0,1.0,1.0,,,38,0.02631578947368421
17,2023-07,,,,60.0,60.0,38,
17,2023-08,,,,60.0,60.0,38,
17,2023-09,1.0,1.0,1.0,,,38,0.02631578947368421
17,2023-10,3.0,3.0,3.0,60.0,60.0,38,0.07894736842105263
17,2023-11,1.0,1.0,1.0,,,38,0.02631578947368421
17,2023-12,1.0,1.0,1.0,,,38,0.02631578947368421
18,2023-03,,,,60.0,60.0,3,
18,2023-05,1.0,1.0,1.0,60.0,60.0,3,0.3333333333333333
18,2023-07,1.0,1.0,1.0,,,3,0.3333333333333333
19,2022-12,,,,60.0,60.0,31,
19,2023-01,1.0,1.0,1.0,,,31,0.03225806451612903
19,2023-08,,,,60.0,60.0,31,
19,2023-10,1.0,1.0,1.0,,,31,0.03225806451612903
2,2022-12,,,,60.0,60.0,155,
2,2023-01,1.0,1.0,1.0,60.0,60.0,155,0.0064516129032258064
2,2023-02,2.0,2.0,2.0,60.0,60.0,155,0.012903225806451613
2,2023-03,2.0,2.0,2.0,60.0,60.0,155,0.012903225806451613
2,2023-04,1.0,1.0,1.0,60.0,60.0,155,0.0064516129032258064
2,2023-05,2.0,2.0,2.0,60.0,60.0,155,0.012903225806451613
2,2023-06,4.0,4.0,4.0,60.0,60.0,155,0.025806451612903226
2,2023-07,1.0,1.0,1.0,,,155,0.0064516129032258064
2,2023-08,2.0,2.0,2.0,60.0,60.0,155,0.012903225806451613
2,2023-09,,,,60.0,60.0,155,
2,2023-10,3.0,3.0,3.0,60.0,60.0,155,0.01935483870967742
2,2023-11,2.0,2.0,2.0,,,155,0.012903225806451613
2,2023-12,1.0,2.0,2.0,,,155,0.012903225806451613
21,2023-01,,,,60.0,60.0,16,
21,2023-02,,,,60.0,60.0,16,
21,2023-03,1.0,1.0,1.0,,,16,0.0625
21,2023-04,1.0,1.0,1.0,,,16,0.0625
21,2023-06,,,,60.0,60.0,16,
21,2023-08,1.0,1.0,1.0,,,16,0.0625
22,2022-11,,,,60.0,60.0,48,
22,2023-01,1.0,1.0,1.0,60.0,60.0,48,0.020833333333333332
22,2023-03,1.0,1.0,1.0,,,48,0.020833333333333332
25,2022-12,,,,60.0,60.0,59,
25,2023-01,,,,60.0,60.0,59,
25,2023-02,1.0,2.0,2.0,,,59,0.03389830508474576
25,2023-03,1.0,1.0,1.0,,,59,0.01694915254237288
25,2023-07,,,,60.0,60.0,59,
25,2023-09,1.0,1.0,1.0,,,59,0.01694915254237288
25,2023-10,,,,60.0,60.0,59,
25,2023-11,,,,9.0,9.0,59,
25,2023-12,4.0,3.0,4.0,,,59,0.06779661016949153
26,2022-12,,,,60.0,60.0,32,
26,2023-02,2.0,3.0,3.0,,,32,0.09375
26,2023-04,,,,60.0,60.0,32,
26,2023-05,,,,60.0,60.0,32,
26,2023-06,1.0,1.0,1.0,,,32,0.03125
26,2023-07,1.0,1.0,1.0,,,32,0.03125
26,2023-09,,,,60.0,60.0,32,
26,2023-11,1.0,1.0,1.0,,,32,0.03125
27,2023-06,,,,60.0,60.0,3,
27,2023-08,1.0,1.0,1.0,,,3,0.3333333333333333
28,2022-12,,,,60.0,60.0,6,
28,2023-02,1.0,1.0,1.0,,,6,0.16666666666666666
3,2022-11,,,,60.0,60.0,71,
3,2022-12,,,,60.0,60.0,71,
3,2023-01,3.0,3.0,3.0,60.0,60.0,71,0.04225352112676056
3,2023-02,2.0,2.0,2.0,,,71,0.028169014084507043
3,2023-03,1.0,1.0,1.0,,,71,0.014084507042253521
3,2023-04,,,,60.0,60.0,71,
3,2023-06,1.0,1.0,1.0,60.0,60.0,71,0.014084507042253521
3,2023-07,,,,60.0,60.0,71,
3,2023-08,1.0,1.0,1.0,,,71,0.014084507042253521
3,2023-09,1.0,1.0,1.0,60.0,60.0,71,0.014084507042253521
3,2023-10,,,,60.0,60.0,71,
3,2023-11,3.0,3.0,3.0,,,71,0.04225352112676056
3,2023-12,2.0,2.0,2.0,,,71,0.028169014084507043
4,2022-11,,,,60.0,60.0,118,
4,2022-12,,,,60.0,60.0,118,
4,2023-01,3.0,3.0,3.0,60.0,60.0,118,0.025423728813559324
4,2023-02,5.0,6.0,6.0,35.5,55.1,118,0.05084745762711865
4,2023-03,2.0,2.0,2.0,,,118,0.01694915254237288
4,2023-04,1.0,1.0,1.0,,,118,0.00847457627118644
4,2023-05,,,,60.0,60.0,118,
4,2023-07,1.0,1.0,1.0,60.0,60.0,118,0.00847457627118644
4,2023-08,1.0,1.0,1.0,,,118,0.00847457627118644
4,2023-09,1.0,1.0,1.0,60.0,60.0,118,0.00847457627118644
4,2023-10,,,,60.0,60.0,118,
4,2023-11,1.0,1.0,1.0,,,118,0.00847457627118644
4,2023-12,2.0,2.0,2.0,,,118,0.01694915254237288
5,2022-11,,,,60.0,60.0,118,
5,2022-12,,,,60.0,60.0,118,
5,2023-01,2.0,2.0,2.0,60.0,60.0,118,0.01694915254237288
5,2023-02,1.0,1.0,1.0,,,118,0.00847457627118644
5,2023-03,1.0,1.0,1.0,,,118,0.00847457627118644
5,2023-04,,,,60.0,60.0,118,
5,2023-05,,,,60.0,60.0,118,
5,2023-06,4.0,5.0,5.0,60.0,60.0,118,0.0423728813559322
5,2023-07,1.0,1.0,1.0,,,118,0.00847457627118644
5,2023-08,1.0,1.0,1.0,60.0,60.0,118,0.00847457627118644
5,2023-09,,,,60.0,60.0,118,
5,2023-10,3.0,3.0,3.0,60.0,60.0,118,0.025423728813559324
5,2023-11,2.0,2.0,2.0,,,118,0.01694915254237288
5,2023-12,1.0,1.0,1.0,,,118,0.00847457627118644
6,2022-11,,,,60.0,60.0,78,
6,2022-12,,,,60.0,60.0,78,
6,2023-01,2.0,2.0,2.0,60.0,60.0,78,0.02564102564102564
6,2023-02,2.0,2.0,2.0,,,78,0.02564102564102564
6,2023-03,1.0,2.0,2.0,60.0,60.0,78,0.02564102564102564
6,2023-04,,,,60.0,60.0,78,
6,2023-05,3.0,3.0,3.0,60.0,60.0,78,0.038461538461538464
6,2023-06,1.0,1.0,1.0,60.0,60.0,78,0.01282051282051282
6,2023-07,1.0,1.0,1.0,60.0,60.0,78,0.01282051282051282
6,2023-08,2.0,2.0,2.0,60.0,60.0,78,0.02564102564102564
6,2023-09,2.0,2.0,2.0,60.0,60.0,78,0.02564102564102564
6,2023-10,3.0,3.0,3.0,60.0,60.0,78,0.038461538461538464
6,2023-11,2.0,2.0,2.0,,,78,0.02564102564102564
6,2023-12,3.0,3.0,3.0,,,78,0.038461538461538464
7,2022-11,,,,60.0,60.0,115,
7,2022-12,,,,60.0,60.0,115,
7,2023-01,1.0,1.0,1.0,60.0,60.0,115,0.008695652173913044
7,2023-02,3.0,4.0,4.0,60.0,60.0,115,0.034782608695652174
7,2023-03,4.0,5.0,5.0,60.0,60.0,115,0.043478260869565216
7,2023-04,1.0,1.0,1.0,60.0,60.0,115,0.008695652173913044
7,2023-05,6.0,9.0,9.0,60.0,60.0,115,0.0782608695652174
7,2023-06,4.0,8.0,8.0,60.0,60.0,115,0.06956521739130435
7,2023-07,4.0,4.0,4.0,60.0,60.0,115,0.034782608695652174
7,2023-08,2.0,2.0,2.0,60.0,60.0,115,0.017391304347826087
7,2023-09,3.0,5.0,5.0,60.0,60.0,115,0.043478260869565216
7,2023-10,4.0,4.0,4.0,60.0,60.0,115,0.034782608695652174
7,2023-11,2.0,2.0,2.0,,,115,0.017391304347826087
7,2023-12,2.0,2.0,2.0,,,115,0.017391304347826087
8,2022-11,,,,60.0,60.0,60,
8,2022-12,,,,60.0,60.0,60,
8,2023-01,1.0,1.0,1.0,,,60,0.016666666666666666
8,2023-02,1.0,1.0,1.0,,,60,0.016666666666666666
8,2023-03,,,,60.0,60.0,60,
8,2023-04,,,,60.0,60.0,60,
8,2023-05,1.0,1.0,1.0,60.0,60.0,60,0.016666666666666666
8,2023-06,1.0,1.0,1.0,,,60,0.016666666666666666
8,2023-07,3.0,3.0,3.0,60.0,60.0,60,0.05
8,2023-08,1.0,1.0,1.0,,,60,0.016666666666666666
9,2022-11,,,,60.0,60.0,94,
9,2022-12,,,,60.0,60.0,94,
9,2023-01,2.0,2.0,2.0,60.0,60.0,94,0.02127659574468085
9,2023-02,3.0,3.0,3.0,60.0,60.0,94,0.031914893617021274
9,2023-03,2.0,2.0,2.0,60.0,60.0,94,0.02127659574468085
9,2023-04,1.0,1.0,1.0,60.0,60.0,94,0.010638297872340425
9,2023-05,1.0,1.0,1.0,60.0,60.0,94,0.010638297872340425
9,2023-06,2.0,3.0,3.0,60.0,60.0,94,0.031914893617021274
9,2023-07,1.0,1.0,1.0,60.0,60.0,94,0.010638297872340425
9,2023-08,2.0,2.0,2.0,,,94,0.02127659574468085
9,2023-09,2.0,2.0,2.0,60.0,60.0,94,0.02127659574468085
9,2023-10,,,,60.0,60.0,94,
9,2023-11,3.0,3.0,3.0,,,94,0.031914893617021274
9,2023-12,2.0,2.0,2.0,,,94,0.02127659574468085
an khanh,2023-01,,,,60.0,60.0,28,
an khanh,2023-03,1.0,1.0,1.0,,,28,0.03571428571428571
an khanh,2023-04,1.0,1.0,1.0,12.0,12.0,28,0.03571428571428571
an khanh,2023-05,1.0,1.0,1.0,60.0,60.0,28,0.03571428571428571
an khanh,2023-07,1.0,1.0,1.0,,,28,0.03571428571428571
an lac,2022-11,,,,60.0,60.0,30,
an lac,2022-12,,,,60.0,60.0,30,
an lac,2023-01,2.0,2.0,2.0,,,30,0.06666666666666667
an lac,2023-02,1.0,1.0,1.0,,,30,0.03333333333333333
an lac,2023-03,,,,60.0,60.0,30,
an lac,2023-05,2.0,3.0,3.0,,,30,0.1
an lac,2023-06,,,,60.0,60.0,30,
an lac,2023-07,,,,60.0,60.0,30,
an lac,2023-08,1.0,1.0,1.0,60.0,60.0,30,0.03333333333333333
an lac,2023-09,1.0,1.0,1.0,,,30,0.03333333333333333
an lac,2023-10,2.0,3.0,3.0,,,30,0.1
an lac,NaT,0.0,1.0,0.0,,,30,0.0
an lac a,2023-05,,,,60.0,60.0,13,
an lac a,2023-07,1.0,1.0,1.0,,,13,0.07692307692307693
an lac a,2023-08,,,,60.0,60.0,13,
an lac a,2023-09,,,,60.0,60.0,13,
an lac a,2023-10,1.0,1.0,1.0,60.0,60.0,13,0.07692307692307693
an lac a,2023-11,2.0,2.0,2.0,,,13,0.15384615384615385
an lac a,2023-12,1.0,1.0,1.0,,,13,0.07692307692307693
an phu,2022-11,,,,60.0,60.0,95,
an phu,2023-01,1.0,1.0,1.0,,,95,0.010526315789473684
an phu,2023-03,,,,60.0,60.0,95,
an phu,2023-04,,,,60.0,60.0,95,
an phu,2023-05,3.0,3.0,3.0,60.0,60.0,95,0.031578947368421054
an phu,2023-06,1.0,1.0,1.0,,,95,0.010526315789473684
an phu,2023-07,1.0,1.0,1.0,,,95,0.010526315789473684
an phu,2023-08,,,,60.0,60.0,95,
an phu,2023-09,,,,60.0,60.0,95,
an phu,2023-10,3.0,3.0,3.0,,,95,0.031578947368421054
an phu,2023-11,1.0,1.0,1.0,,,95,0.010526315789473684
an phu tay,2023-01,,,,60.0,60.0,12,
an phu tay,2023-03,1.0,1.0,1.0,,,12,0.08333333333333333
an phu tay,2023-06,,,,60.0,60.0,12,
an phu tay,2023-08,1.0,1.0,1.0,,,12,0.08333333333333333
an phu tay,2023-09,,,,60.0,60.0,12,
an phu tay,2023-11,1.0,1.0,1.0,,,12,0.08333333333333333
an phu đong,2023-07,,,,60.0,60.0,10,
an phu đong,2023-09,2.0,2.0,2.0,60.0,60.0,10,0.2
an phu đong,2023-11,2.0,2.0,2.0,,,10,0.2
an thoi đong,2023-03,,,,60.0,60.0,2,
an thoi đong,2023-05,1.0,1.0,1.0,,,2,0.5
ba điem,2022-12,,,,60.0,60.0,21,
ba điem,2023-01,,,,60.0,60.0,21,
ba điem,2023-02,1.0,1.0,1.0,60.0,60.0,21,0.047619047619047616
ba điem,2023-03,1.0,1.0,1.0,60.0,60.0,21,0.047619047619047616
ba điem,2023-04,1.0,1.0,1.0,,,21,0.047619047619047616
ba điem,2023-05,1.0,1.0,1.0,,,21,0.047619047619047616
ba điem,2023-06,,,,60.0,60.0,21,
ba điem,2023-07,1.0,1.0,1.0,,,21,0.047619047619047616
ba điem,2023-08,,,,60.0,60.0,21,
ba điem,2023-10,2.0,2.0,2.0,60.0,60.0,21,0.09523809523809523
ba điem,2023-11,1.0,1.0,1.0,,,21,0.047619047619047616
ben nghe,2023-05,,,,60.0,60.0,381,
ben nghe,2023-07,1.0,1.0,1.0,,,381,0.0026246719160104987
ben thanh,2022-11,,,,60.0,60.0,86,
ben thanh,2023-01,1.0,1.0,1.0,,,86,0.011627906976744186
ben thanh,2023-02,1.0,1.0,1.0,11.0,11.0,86,0.011627906976744186
bh,2020-05,,,,60.0,60.0,34,
bh,2020-07,1.0,1.0,0.0,,,34,0.0
bh,2021-03,,,,60.0,60.0,34,
bh,2021-05,1.0,1.0,0.0,,,34,0.0
bh,2021-09,,,,60.0,60.0,34,
bh,2021-11,1.0,1.0,0.0,60.0,60.0,34,0.0
bh,2022-01,1.0,1.0,0.0,,,34,0.0
bh,2022-06,,,,60.0,60.0,34,
bh,2022-07,,,,60.0,60.0,34,
bh,2022-08,2.0,2.0,0.0,60.0,60.0,34,0.0
bh,2022-09,3.0,4.0,0.0,,,34,0.0
bh,2022-10,1.0,1.0,0.0,,,34,0.0
bh,2022-11,,,,60.0,60.0,34,
bh,2022-12,,,,60.0,60.0,34,
bh,2023-01,2.0,2.0,2.0,,,34,0.058823529411764705
bh,2023-02,1.0,1.0,1.0,,,34,0.029411764705882353
bh,2023-03,,,,60.0,60.0,34,
bh,2023-05,3.0,4.0,4.0,,,34,0.11764705882352941
bh,2023-06,,,,60.0,60.0,34,
bh,2023-07,,,,60.0,60.0,34,
bh,2023-08,2.0,2.0,2.0,,,34,0.058823529411764705
bh,2023-09,2.0,2.0,2.0,60.0,60.0,34,0.058823529411764705
bh,2023-11,1.0,2.0,2.0,60.0,60.0,34,0.058823529411764705
bh,2024-01,1.0,1.0,1.0,,,34,0.029411764705882353
bh,2024-02,,,,60.0,60.0,34,
bh,2024-03,,,,60.0,60.0,34,
bh,2024-04,1.0,1.0,1.0,60.0,60.0,34,0.029411764705882353
bh,2024-05,3.0,4.0,4.0,60.0,60.0,34,0.11764705882352941
bh,2024-06,2.0,2.0,2.0,60.0,60.0,34,0.058823529411764705
bh,2024-07,1.0,1.0,1.0,60.0,60.0,34,0.029411764705882353
bh,2024-08,1.0,1.0,1.0,,,34,0.029411764705882353
bh,2024-09,1.0,1.0,1.0,,,34,0.029411764705882353
binh chanh,2023-07,,,,60.0,60.0,5,
binh chanh,2023-09,1.0,1.0,1.0,,,5,0.2
binh chieu,2022-12,,,,60.0,60.0,24,
binh chieu,2023-02,1.0,1.0,1.0,,,24,0.041666666666666664
binh chieu,2023-03,,,,60.0,60.0,24,
binh chieu,2023-05,1.0,1.0,1.0,60.0,60.0,24,0.041666666666666664
binh chieu,2023-06,1.0,1.0,1.0,,,24,0.041666666666666664
binh chieu,2023-07,2.0,2.0,2.0,,,24,0.08333333333333333
binh chieu,2023-08,,,,60.0,60.0,24,
binh chieu,2023-09,,,,60.0,60.0,24,
binh chieu,2023-10,4.0,4.0,4.0,60.0,60.0,24,0.16666666666666666
binh chieu,2023-11,1.0,1.0,1.0,,,24,0.041666666666666664
binh chieu,2023-12,2.0,2.0,2.0,,,24,0.08333333333333333
binh hung,2022-11,,,,60.0,60.0,74,
binh hung,2022-12,,,,60.0,60.0,74,
binh hung,2023-01,3.0,3.0,3.0,60.0,60.0,74,0.04054054054054054
binh hung,2023-02,,,,60.0,60.0,74,
binh hung,2023-03,2.0,2.0,2.0,,,74,0.02702702702702703
binh hung,2023-04,1.0,2.0,2.0,60.0,60.0,74,0.02702702702702703
binh hung,2023-05,,,,60.0,60.0,74,
binh hung,2023-06,2.0,2.0,2.0,60.0,60.0,74,0.02702702702702703
binh hung,2023-07,2.0,2.0,2.0,60.0,60.0,74,0.02702702702702703
binh hung,2023-08,2.0,3.0,3.0,60.0,60.0,74,0.04054054054054054
binh hung,2023-09,,,,60.0,60.0,74,
binh hung,2023-10,3.0,4.0,4.0,60.0,60.0,74,0.05405405405405406
binh hung,2023-12,3.0,3.0,3.0,,,74,0.04054054054054054
binh hung hoa,2022-12,,,,60.0,60.0,25,
binh hung hoa,2023-02,2.0,2.0,2.0,,,25,0.08
binh hung hoa,2023-03,,,,60.0,60.0,25,
binh hung hoa,2023-05,1.0,1.0,1.0,60.0,60.0,25,0.04
binh hung hoa,2023-06,1.0,1.0,1.0,11.0,11.0,25,0.04
binh hung hoa,2023-07,1.0,1.0,1.0,60.0,60.0,25,0.04
binh hung hoa,2023-08,1.0,1.0,1.0,,,25,0.04
binh hung hoa,2023-09,2.0,2.0,2.0,12.0,12.0,25,0.08
binh hung hoa,2023-10,1.0,1.0,1.0,60.0,60.0,25,0.04
binh hung hoa,2023-12,2.0,2.0,2.0,,,25,0.08
binh hung hoa a,2023-02,,,,60.0,60.0,35,
binh hung hoa a,2023-04,1.0,1.0,1.0,60.0,60.0,35,0.02857142857142857
binh hung hoa a,2023-05,,,,60.0,60.0,35,
binh hung hoa a,2023-06,1.0,1.0,1.0,60.0,60.0,35,0.02857142857142857
binh hung hoa a,2023-07,1.0,1.0,1.0,60.0,60.0,35,0.02857142857142857
binh hung hoa a,2023-08,3.0,3.0,3.0,60.0,60.0,35,0.08571428571428572
binh hung hoa a,2023-09,3.0,3.0,3.0,60.0,60.0,35,0.08571428571428572
binh hung hoa a,2023-10,2.0,2.0,2.0,60.0,60.0,35,0.05714285714285714
binh hung hoa a,2023-11,1.0,1.0,1.0,,,35,0.02857142857142857
binh hung hoa a,2023-12,1.0,1.0,1.0,,,35,0.02857142857142857
binh hung hoa b,2023-01,,,,60.0,60.0,32,
binh hung hoa b,2023-03,3.0,3.0,3.0,,,32,0.09375
binh hung hoa b,2023-04,,,,60.0,60.0,32,
binh hung hoa b,2023-05,,,,60.0,60.0,32,
binh hung hoa b,2023-06,1.0,1.0,1.0,60.0,60.0,32,0.03125
binh hung hoa b,2023-07,1.0,1.0,1.0,60.0,60.0,32,0.03125
binh hung hoa b,2023-08,1.0,1.0,1.0,,,32,0.03125
binh hung hoa b,2023-09,2.0,2.0,2.0,60.0,60.0,32,0.0625
binh hung hoa b,2023-10,2.0,1.0,2.0,60.0,60.0,32,0.0625
binh hung hoa b,2023-11,3.0,4.0,4.0,,,32,0.125
binh hung hoa b,2023-12,4.0,3.0,5.0,,,32,0.15625
binh hung hoa b,2024-01,2.0,1.0,2.0,,,32,0.0625
binh khanh,2023-02,,,,60.0,60.0,4,
binh khanh,2023-04,1.0,1.0,1.0,,,4,0.25
binh khanh,2023-07,,,,60.0,60.0,4,
binh khanh,2023-08,1.0,1.0,1.0,,,4,0.25
binh my,2023-04,,,,60.0,60.0,11,
binh my,2023-06,2.0,2.0,2.0,60.0,60.0,11,0.18181818181818182
binh my,2023-08,1.0,1.0,1.0,60.0,60.0,11,0.09090909090909091
binh my,2023-10,2.0,2.0,2.0,60.0,60.0,11,0.18181818181818182
binh my,2023-12,2.0,3.0,3.0,,,11,0.2727272727272727
binh thuan,2022-11,,,,60.0,60.0,21,
binh thuan,2022-12,,,,60.0,60.0,21,
binh thuan,2023-01,1.0,1.0,1.0,60.0,60.0,21,0.047619047619047616
binh thuan,2023-02,1.0,1.0,1.0,,,21,0.047619047619047616
binh thuan,2023-03,3.0,3.0,3.0,,,21,0.14285714285714285
binh thuan,2023-10,,,,60.0,60.0,21,
binh thuan,2023-12,1.0,1.0,1.0,,,21,0.047619047619047616
binh tri đong,2022-12,,,,60.0,60.0,32,
binh tri đong,2023-01,1.0,1.0,1.0,,,32,0.03125
binh tri đong,2023-02,1.0,1.0,1.0,34.5,54.9,32,0.03125
binh tri đong,2023-03,1.0,1.0,1.0,,,32,0.03125
binh tri đong,2023-04,1.0,1.0,1.0,,,32,0.03125
binh tri đong,2023-05,,,,60.0,60.0,32,
binh tri đong,2023-06,,,,60.0,60.0,32,
binh tri đong,2023-07,2.0,3.0,3.0,,,32,0.09375
binh tri đong,2023-08,1.0,1.0,1.0,,,32,0.03125
binh tri đong,2023-09,,,,60.0,60.0,32,
binh tri đong,2023-10,,,,60.0,60.0,32,
binh tri đong,2023-11,2.0,2.0,2.0,,,32,0.0625
binh tri đong,2023-12,2.0,2.0,2.0,,,32,0.0625
binh tri đong a,2022-11,,,,60.0,60.0,29,
binh tri đong a,2023-01,1.0,1.0,1.0,,,29,0.034482758620689655
binh tri đong a,2023-04,,,,60.0,60.0,29,
binh tri đong a,2023-05,,,,60.0,60.0,29,
binh tri đong a,2023-06,1.0,1.0,1.0,,,29,0.034482758620689655
binh tri đong a,2023-07,1.0,1.0,1.0,,,29,0.034482758620689655
binh tri đong a,2023-08,,,,60.0,60.0,29,
binh tri đong a,2023-10,1.0,1.0,1.0,60.0,60.0,29,0.034482758620689655
binh tri đong a,2023-12,1.0,1.0,1.0,,,29,0.034482758620689655
binh tri đong b,2023-01,,,,60.0,60.0,82,
binh tri đong b,2023-03,2.0,2.0,2.0,,,82,0.024390243902439025
binh tri đong b,2023-04,,,,60.0,60.0,82,
binh tri đong b,2023-05,,,,60.0,60.0,82,
binh tri đong b,2023-06,1.0,1.0,1.0,60.0,60.0,82,0.012195121951219513
binh tri đong b,2023-07,2.0,2.0,2.0,,,82,0.024390243902439025
binh tri đong b,2023-08,1.0,1.0,1.0,60.0,60.0,82,0.012195121951219513
binh tri đong b,2023-10,1.0,1.0,1.0,,,82,0.012195121951219513
binh trung tay,2022-12,,,,60.0,60.0,14,
binh trung tay,2023-02,1.0,1.0,1.0,,,14,0.07142857142857142
binh trung tay,2023-07,,,,60.0,60.0,14,
binh trung tay,2023-09,1.0,1.0,1.0,,,14,0.07142857142857142
binh trung đong,2022-12,,,,60.0,60.0,13,
binh trung đong,2023-02,1.0,1.0,1.0,,,13,0.07692307692307693
bt,2020-09,,,,60.0,60.0,68,
bt,2020-10,,,,60.0,60.0,68,
bt,2020-11,1.0,1.0,0.0,,,68,0.0
bt,2020-12,1.0,1.0,0.0,,,68,0.0
bt,2021-01,,,,60.0,60.0,68,
bt,2021-02,,,,60.0,60.0,68,
bt,2021-03,2.0,2.0,0.0,60.0,60.0,68,0.0
bt,2021-04,1.0,1.0,0.0,,,68,0.0
bt,2021-05,1.0,1.0,0.0,60.0,60.0,68,0.0
bt,2021-07,1.0,1.0,0.0,,,68,0.0
bt,2021-08,,,,60.0,60.0,68,
bt,2021-09,,,,60.0,60.0,68,
bt,2021-10,1.0,1.0,0.0,,,68,0.0
bt,2021-11,1.0,1.0,0.0,60.0,60.0,68,0.0
bt,2022-01,1.0,2.0,0.0,,,68,0.0
bt,2022-03,,,,60.0,60.0,68,
bt,2022-04,,,,60.0,60.0,68,
bt,2022-05,4.0,5.0,0.0,60.0,60.0,68,0.0
bt,2022-06,1.0,1.0,0.0,60.0,60.0,68,0.0
bt,2022-07,1.0,1.0,0.0,60.0,60.0,68,0.0
bt,2022-08,4.0,5.0,0.0,,,68,0.0
bt,2022-09,2.0,3.0,0.0,60.0,60.0,68,0.0
bt,2022-11,1.0,1.0,1.0,60.0,60.0,68,0.014705882352941176
bt,2022-12,,,,60.0,60.0,68,
bt,2023-01,2.0,2.0,2.0,60.0,60.0,68,0.029411764705882353
bt,2023-02,1.0,1.0,1.0,60.0,60.0,68,0.014705882352941176
bt,2023-03,1.0,1.0,1.0,60.0,60.0,68,0.014705882352941176
bt,2023-04,2.0,2.0,2.0,60.0,60.0,68,0.029411764705882353
bt,2023-05,1.0,1.0,1.0,,,68,0.014705882352941176
bt,2023-06,1.0,1.0,1.0,60.0,60.0,68,0.014705882352941176
bt,2023-07,,,,60.0,60.0,68,
bt,2023-08,4.0,4.0,4.0,,,68,0.058823529411764705
bt,2023-09,4.0,4.0,4.0,60.0,60.0,68,0.058823529411764705
bt,2023-11,2.0,3.0,3.0,60.0,60.0,68,0.04411764705882353
bt,2024-01,1.0,1.0,1.0,60.0,60.0,68,0.014705882352941176
bt,2024-02,,,,60.0,60.0,68,
bt,2024-03,1.0,1.0,1.0,60.0,60.0,68,0.014705882352941176
bt,2024-04,2.0,3.0,3.0,,,68,0.04411764705882353
bt,2024-05,3.0,3.0,3.0,60.0,60.0,68,0.04411764705882353
bt,2024-06,,,,60.0,60.0,68,
bt,2024-07,4.0,6.0,6.0,60.0,60.0,68,0.08823529411764706
bt,2024-08,2.0,2.0,2.0,60.0,60.0,68,0.029411764705882353
bt,2024-09,2.0,3.0,3.0,,,68,0.04411764705882353
bt,2024-10,1.0,3.0,3.0,,,68,0.04411764705882353
cai lai,2023-07,,,,60.0,60.0,2,
cai lai,2023-09,1.0,1.0,1.0,,,2,0.5
cat lai,2023-04,,,,60.0,60.0,10,
cat lai,2023-05,1.0,1.0,1.0,,,10,0.1
cat lai,2023-06,1.0,1.0,1.0,,,10,0.1
cau ong lanh,2023-04,,,,60.0,60.0,18,
cau ong lanh,2023-06,1.0,1.0,1.0,60.0,60.0,18,0.05555555555555555
cau ong lanh,2023-08,1.0,1.0,1.0,,,18,0.05555555555555555
cau ong lanh,2023-10,,,,60.0,60.0,18,
cau ong lanh,2023-12,1.0,1.0,1.0,,,18,0.05555555555555555
hc1,2020-01,,,,60.0,60.0,134,
hc1,2020-03,1.0,1.0,0.0,60.0,60.0,134,0.0
hc1,2020-04,,,,60.0,60.0,134,
hc1,2020-05,1.0,1.0,0.0,60.0,60.0,134,0.0
hc1,2020-06,1.0,1.0,0.0,60.0,60.0,134,0.0
hc1,2020-07,1.0,1.0,0.0,,,134,0.0
hc1,2020-08,1.0,1.0,0.0,,,134,0.0
hc1,2020-10,,,,60.0,60.0,134,
hc1,2020-12,1.0,1.0,0.0,60.0,60.0,134,0.0
hc1,2021-01,,,,60.0,60.0,134,
hc1,2021-02,2.0,3.0,0.0,60.0,60.0,134,0.0
hc1,2021-03,3.0,4.0,0.0,,,134,0.0
hc1,2021-04,6.0,7.0,0.0,,,134,0.0
hc1,2021-05,,,,60.0,60.0,134,
hc1,2021-07,1.0,1.0,0.0,,,134,0.0
hc1,2021-09,,,,60.0,60.0,134,
hc1,2021-10,,,,60.0,60.0,134,
hc1,2021-11,2.0,2.0,0.0,60.0,60.0,134,0.0
hc1,2021-12,1.0,2.0,0.0,60.0,60.0,134,0.0
hc1,2022-01,3.0,4.0,0.0,,,134,0.0
hc1,2022-02,1.0,1.0,0.0,60.0,60.0,134,0.0
hc1,2022-03,,,,60.0,60.0,134,
hc1,2022-04,3.0,5.0,0.0,60.0,60.0,134,0.0
hc1,2022-05,1.0,2.0,0.0,60.0,60.0,134,0.0
hc1,2022-06,3.0,3.0,0.0,60.0,60.0,134,0.0
hc1,2022-07,3.0,4.0,0.0,60.0,60.0,134,0.0
hc1,2022-08,4.0,4.0,0.0,60.0,60.0,134,0.0
hc1,2022-09,1.0,1.0,0.0,60.0,60.0,134,0.0
hc1,2022-10,3.0,4.0,0.0,60.0,60.0,134,0.0
hc1,2022-11,2.0,3.0,3.0,60.0,60.0,134,0.022388059701492536
hc1,2022-12,3.0,3.0,3.0,60.0,60.0,134,0.022388059701492536
hc1,2023-01,2.0,4.0,4.0,60.0,60.0,134,0.029850746268656716
hc1,2023-02,3.0,4.0,4.0,60.0,60.0,134,0.029850746268656716
hc1,2023-03,2.0,2.0,2.0,60.0,60.0,134,0.014925373134328358
hc1,2023-04,2.0,3.0,3.0,60.0,60.0,134,0.022388059701492536
hc1,2023-05,5.0,8.0,8.0,60.0,60.0,134,0.05970149253731343
hc1,2023-06,2.0,2.0,2.0,60.0,60.0,134,0.014925373134328358
hc1,2023-07,2.0,3.0,3.0,60.0,60.0,134,0.022388059701492536
hc1,2023-08,3.0,5.0,5.0,60.0,60.0,134,0.03731343283582089
hc1,2023-09,4.0,8.0,8.0,60.0,60.0,134,0.05970149253731343
hc1,2023-10,2.0,3.0,3.0,60.0,60.0,134,0.022388059701492536
hc1,2023-11,3.0,5.0,5.0,60.0,60.0,134,0.03731343283582089
hc1,2023-12,2.0,2.0,2.0,60.0,60.0,134,0.014925373134328358
hc1,2024-01,3.0,4.0,4.0,60.0,60.0,134,0.029850746268656716
hc1,2024-02,2.0,2.0,2.0,60.0,60.0,134,0.014925373134328358
hc1,2024-03,1.0,1.0,1.0,60.0,60.0,134,0.007462686567164179
hc1,2024-04,3.0,3.0,3.0,60.0,60.0,134,0.022388059701492536
hc1,2024-05,4.0,6.0,6.0,60.0,60.0,134,0.04477611940298507
hc1,2024-06,1.0,2.0,2.0,60.0,60.0,134,0.014925373134328358
hc1,2024-07,2.0,3.0,3.0,60.0,60.0,134,0.022388059701492536
hc1,2024-08,2.0,3.0,3.0,60.0,60.0,134,0.022388059701492536
hc1,2024-09,1.0,1.0,1.0,,,134,0.007462686567164179
hc1,2024-10,1.0,1.0,1.0,60.0,60.0,134,0.007462686567164179
hc1,2024-12,1.0,1.0,1.0,,,134,0.007462686567164179
hc2,2020-03,,,,60.0,60.0,29,
hc2,2020-05,1.0,1.0,0.0,,,29,0.0
hc2,2020-07,,,,60.0,60.0,29,
hc2,2020-09,1.0,1.0,0.0,60.0,60.0,29,0.0
hc2,2020-11,1.0,1.0,0.0,,,29,0.0
hc2,2021-02,,,,60.0,60.0,29,
hc2,2021-04,1.0,1.0,0.0,,,29,0.0
hc2,2021-11,,,,60.0,60.0,29,
hc2,2022-01,1.0,1.0,0.0,,,29,0.0
hc2,2022-03,,,,60.0,60.0,29,
hc2,2022-05,1.0,1.0,0.0,,,29,0.0
hc2,2022-07,,,,60.0,60.0,29,
hc2,2022-08,,,,60.0,60.0,29,
hc2,2022-09,1.0,1.0,0.0,,,29,0.0
hc2,2022-10,1.0,1.0,0.0,,,29,0.0
hc2,2023-03,,,,60.0,60.0,29,
hc2,2023-04,,,,60.0,60.0,29,
hc2,2023-05,2.0,4.0,4.0,60.0,60.0,29,0.13793103448275862
hc2,2023-06,1.0,1.0,1.0,60.0,60.0,29,0.034482758620689655
hc2,2023-07,3.0,3.0,3.0,60.0,60.0,29,0.10344827586206896
hc2,2023-08,4.0,4.0,4.0,,,29,0.13793103448275862
hc2,2023-09,2.0,2.0,2.0,60.0,60.0,29,0.06896551724137931
hc2,2023-10,,,,60.0,60.0,29,
hc2,2023-11,1.0,2.0,2.0,,,29,0.06896551724137931
hc2,2023-12,1.0,1.0,1.0,,,29,0.034482758620689655
hc2,2024-01,,,,60.0,60.0,29,
hc2,2024-03,2.0,2.0,2.0,,,29,0.06896551724137931
hc2,2024-07,,,,60.0,60.0,29,
hc2,2024-09,1.0,1.0,1.0,60.0,60.0,29,0.034482758620689655
hc2,2024-11,1.0,1.0,1.0,,,29,0.034482758620689655
hcb,2020-01,,,,60.0,60.0,128,
hcb,2020-03,1.0,1.0,0.0,,,128,0.0
hcb,2020-06,,,,60.0,60.0,128,
hcb,2020-07,,,,60.0,60.0,128,
hcb,2020-08,1.0,1.0,0.0,60.0,60.0,128,0.0
hcb,2020-09,1.0,1.0,0.0,,,128,0.0
hcb,2020-10,1.0,1.0,0.0,60.0,60.0,128,0.0
hcb,2020-11,1.0,1.0,0.0,60.0,60.0,128,0.0
hcb,2020-12,,,,60.0,60.0,128,
hcb,2021-01,2.0,2.0,0.0,60.0,60.0,128,0.0
hcb,2021-02,1.0,1.0,0.0,,,128,0.0
hcb,2021-03,1.0,2.0,0.0,60.0,60.0,128,0.0
hcb,2021-05,1.0,1.0,0.0,60.0,60.0,128,0.0
hcb,2021-07,2.0,2.0,0.0,,,128,0.0
hcb,2021-09,,,,60.0,60.0,128,
hcb,2021-11,1.0,2.0,0.0,60.0,60.0,128,0.0
hcb,2022-01,4.0,6.0,0.0,60.0,60.0,128,0.0
hcb,2022-03,1.0,1.0,0.0,60.0,60.0,128,0.0
hcb,2022-04,,,,60.0,60.0,128,
hcb,2022-05,3.0,3.0,0.0,60.0,60.0,128,0.0
hcb,2022-06,1.0,3.0,0.0,60.0,60.0,128,0.0
hcb,2022-07,3.0,4.0,0.0,60.0,60.0,128,0.0
hcb,2022-08,4.0,8.0,0.0,60.0,60.0,128,0.0
hcb,2022-09,3.0,5.0,0.0,60.0,60.0,128,0.0
hcb,2022-10,2.0,3.0,0.0,,,128,0.0
hcb,2022-11,3.0,3.0,3.0,60.0,60.0,128,0.0234375
hcb,2023-01,3.0,4.0,4.0,60.0,60.0,128,0.03125
hcb,2023-02,,,,60.0,60.0,128,
hcb,2023-03,1.0,2.0,2.0,60.0,60.0,128,0.015625
hcb,2023-04,3.0,3.0,3.0,60.0,60.0,128,0.0234375
hcb,2023-05,4.0,8.0,8.0,60.0,60.0,128,0.0625
hcb,2023-06,1.0,1.0,1.0,60.0,60.0,128,0.0078125
hcb,2023-07,4.0,9.0,9.0,,,128,0.0703125
hcb,2023-08,7.0,10.0,10.0,60.0,60.0,128,0.078125
hcb,2023-09,,,,60.0,60.0,128,
hcb,2023-10,2.0,2.0,2.0,60.0,60.0,128,0.015625
hcb,2023-11,4.0,4.0,4.0,60.0,60.0,128,0.03125
hcb,2023-12,1.0,2.0,2.0,60.0,60.0,128,0.015625
hcb,2024-01,1.0,2.0,2.0,,,128,0.015625
hcb,2024-02,3.0,3.0,3.0,60.0,60.0,128,0.0234375
hcb,2024-03,,,,60.0,60.0,128,
hcb,2024-04,2.0,3.0,3.0,60.0,60.0,128,0.0234375
hcb,2024-05,2.0,5.0,5.0,60.0,60.0,128,0.0390625
hcb,2024-06,1.0,1.0,1.0,60.0,60.0,128,0.0078125
hcb,2024-07,1.0,1.0,1.0,60.0,60.0,128,0.0078125
hcb,2024-08,6.0,13.0,13.0,60.0,60.0,128,0.1015625
hcb,2024-09,,,,60.0,60.0,128,
hcb,2024-10,2.0,2.0,2.0,60.0,60.0,128,0.015625
hcb,2024-11,1.0,1.0,1.0,,,128,0.0078125
hcb,2024-12,1.0,1.0,1.0,,,128,0.0078125
hcn,2020-03,,,,60.0,60.0,82,
hcn,2020-05,1.0,1.0,0.0,,,82,0.0
hcn,2020-10,,,,60.0,60.0,82,
hcn,2020-11,1.0,1.0,0.0,60.0,60.0,82,0.0
hcn,2021-01,1.0,1.0,0.0,60.0,60.0,82,0.0
hcn,2021-02,,,,60.0,60.0,82,
hcn,2021-03,2.0,2.0,0.0,,,82,0.0
hcn,2021-04,1.0,1.0,0.0,,,82,0.0
hcn,2021-09,,,,60.0,60.0,82,
hcn,2021-11,1.0,1.0,0.0,60.0,60.0,82,0.0
hcn,2022-01,2.0,2.0,0.0,,,82,0.0
hcn,2022-02,,,,60.0,60.0,82,
hcn,2022-03,,,,60.0,60.0,82,
hcn,2022-04,2.0,3.0,0.0,,,82,0.0
hcn,2022-05,1.0,1.0,0.0,60.0,60.0,82,0.0
hcn,2022-07,1.0,2.0,0.0,60.0,60.0,82,0.0
hcn,2022-09,3.0,3.0,0.0,60.0,60.0,82,0.0
hcn,2022-10,,,,60.0,60.0,82,
hcn,2022-11,1.0,2.0,2.0,,,82,0.024390243902439025
hcn,2022-12,2.0,2.0,2.0,,,82,0.024390243902439025
hcn,2023-01,,,,60.0,60.0,82,
hcn,2023-02,,,,60.0,60.0,82,
hcn,2023-03,2.0,2.0,2.0,60.0,60.0,82,0.024390243902439025
hcn,2023-04,3.0,5.0,5.0,60.0,60.0,82,0.06097560975609756
hcn,2023-05,4.0,6.0,6.0,60.0,60.0,82,0.07317073170731707
hcn,2023-06,1.0,2.0,2.0,60.0,60.0,82,0.024390243902439025
hcn,2023-07,1.0,1.0,1.0,60.0,60.0,82,0.012195121951219513
hcn,2023-08,6.0,12.0,12.0,,,82,0.14634146341463414
hcn,2023-09,4.0,4.0,4.0,60.0,60.0,82,0.04878048780487805
hcn,2023-10,,,,60.0,60.0,82,
hcn,2023-11,4.0,6.0,6.0,60.0,60.0,82,0.07317073170731707
hcn,2023-12,2.0,5.0,5.0,60.0,60.0,82,0.06097560975609756
hcn,2024-01,1.0,2.0,2.0,60.0,60.0,82,0.024390243902439025
hcn,2024-02,1.0,1.0,1.0,60.0,60.0,82,0.012195121951219513
hcn,2024-03,1.0,1.0,1.0,60.0,60.0,82,0.012195121951219513
hcn,2024-04,1.0,1.0,1.0,60.0,60.0,82,0.012195121951219513
hcn,2024-05,2.0,3.0,3.0,60.0,60.0,82,0.036585365853658534
hcn,2024-06,2.0,2.0,2.0,60.0,60.0,82,0.024390243902439025
hcn,2024-07,1.0,1.0,1.0,60.0,60.0,82,0.012195121951219513
hcn,2024-08,4.0,5.0,5.0,60.0,60.0,82,0.06097560975609756
hcn,2024-10,1.0,1.0,1.0,,,82,0.012195121951219513
hiep binh chanh,2022-11,,,,60.0,60.0,55,
hiep binh chanh,2022-12,,,,60.0,60.0,55,
hiep binh chanh,2023-01,2.0,2.0,2.0,,,55,0.03636363636363636
hiep binh chanh,2023-03,1.0,1.0,1.0,60.0,60.0,55,0.01818181818181818
hiep binh chanh,2023-04,,,,60.0,60.0,55,
hiep binh chanh,2023-05,1.0,1.0,1.0,60.0,60.0,55,0.01818181818181818
hiep binh chanh,2023-06,3.0,3.0,3.0,,,55,0.05454545454545454
hiep binh chanh,2023-07,1.0,1.0,1.0,,,55,0.01818181818181818
hiep binh chanh,2023-09,,,,60.0,60.0,55,
hiep binh chanh,2023-10,,,,60.0,60.0,55,
hiep binh chanh,2023-11,1.0,1.0,1.0,,,55,0.01818181818181818
hiep binh chanh,2023-12,2.0,2.0,2.0,,,55,0.03636363636363636
hiep binh phuoc,2023-03,,,,60.0,60.0,30,
hiep binh phuoc,2023-04,,,,60.0,60.0,30,
hiep binh phuoc,2023-05,1.0,1.0,1.0,,,30,0.03333333333333333
hiep binh phuoc,2023-06,2.0,3.0,3.0,,,30,0.1
hiep binh phuoc,2023-07,,,,60.0,60.0,30,
hiep binh phuoc,2023-09,1.0,1.0,1.0,,,30,0.03333333333333333
hiep binh phuoc,2023-10,,,,60.0,60.0,30,
hiep binh phuoc,2023-12,1.0,1.0,1.0,,,30,0.03333333333333333
hiep phu,2022-11,,,,60.0,60.0,29,
hiep phu,2022-12,,,,60.0,60.0,29,
hiep phu,2023-01,2.0,2.0,2.0,,,29,0.06896551724137931
hiep phu,2023-02,1.0,1.0,1.0,,,29,0.034482758620689655
hiep phu,2023-04,,,,60.0,60.0,29,
hiep phu,2023-05,,,,60.0,60.0,29,
hiep phu,2023-06,1.0,1.0,1.0,60.0,60.0,29,0.034482758620689655
hiep phu,2023-07,1.0,1.0,1.0,,,29,0.034482758620689655
hiep phu,2023-08,1.0,1.0,1.0,,,29,0.034482758620689655
hiep phuoc,2023-04,,,,60.0,60.0,8,
hiep phuoc,2023-06,1.0,1.0,1.0,,,8,0.125
hiep phuoc,2023-10,,,,60.0,60.0,8,
hiep phuoc,2023-12,1.0,1.0,1.0,,,8,0.125
hiep tan,2023-04,,,,60.0,60.0,20,
hiep tan,2023-06,1.0,1.0,1.0,60.0,60.0,20,0.05
hiep tan,2023-07,,,,60.0,60.0,20,
hiep tan,2023-08,1.0,1.0,1.0,,,20,0.05
hiep tan,2023-09,1.0,1.0,1.0,60.0,60.0,20,0.05
hiep tan,2023-10,,,,60.0,60.0,20,
hiep tan,2023-11,1.0,1.0,1.0,,,20,0.05
hiep tan,2023-12,3.0,3.0,3.0,,,20,0.15
hiep thanh,2022-11,,,,60.0,60.0,32,
hiep thanh,2022-12,,,,60.0,60.0,32,
hiep thanh,2023-01,2.0,2.0,2.0,60.0,60.0,32,0.0625
hiep thanh,2023-02,1.0,1.0,1.0,,,32,0.03125
hiep thanh,2023-03,2.0,2.0,2.0,60.0,60.0,32,0.0625
hiep thanh,2023-05,1.0,1.0,1.0,,,32,0.03125
hiep thanh,2023-07,,,,60.0,60.0,32,
hiep thanh,2023-08,,,,60.0,60.0,32,
hiep thanh,2023-09,1.0,2.0,2.0,60.0,60.0,32,0.0625
hiep thanh,2023-10,2.0,2.0,2.0,60.0,60.0,32,0.0625
hiep thanh,2023-11,2.0,3.0,3.0,,,32,0.09375
hoa thanh,2023-07,,,,60.0,60.0,22,
hoa thanh,2023-09,1.0,1.0,1.0,,,22,0.045454545454545456
hoa thanh,2023-10,,,,60.0,60.0,22,
hoa thanh,2023-12,1.0,1.0,1.0,,,22,0.045454545454545456
htt,2020-10,,,,60.0,60.0,57,
htt,2020-12,1.0,1.0,0.0,60.0,60.0,57,0.0
htt,2021-01,,,,60.0,60.0,57,
htt,2021-02,1.0,1.0,0.0,,,57,0.0
htt,2021-03,1.0,1.0,0.0,,,57,0.0
htt,2021-09,,,,60.0,60.0,57,
htt,2021-10,,,,60.0,60.0,57,
htt,2021-11,1.0,1.0,0.0,60.0,60.0,57,0.0
htt,2021-12,1.0,1.0,0.0,,,57,0.0
htt,2022-01,1.0,1.0,0.0,60.0,60.0,57,0.0
htt,2022-03,1.0,1.0,0.0,,,57,0.0
htt,2022-04,,,,60.0,60.0,57,
htt,2022-06,3.0,4.0,0.0,60.0,60.0,57,0.0
htt,2022-07,,,,60.0,60.0,57,
htt,2022-08,1.0,1.0,0.0,60.0,60.0,57,0.0
htt,2022-09,2.0,2.0,0.0,60.0,60.0,57,0.0
htt,2022-10,1.0,1.0,0.0,60.0,60.0,57,0.0
htt,2022-11,1.0,1.0,1.0,60.0,60.0,57,0.017543859649122806
htt,2022-12,2.0,2.0,2.0,60.0,60.0,57,0.03508771929824561
htt,2023-01,1.0,1.0,1.0,60.0,60.0,57,0.017543859649122806
htt,2023-02,1.0,1.0,1.0,60.0,60.0,57,0.017543859649122806
htt,2023-03,1.0,2.0,2.0,60.0,60.0,57,0.03508771929824561
htt,2023-04,1.0,1.0,1.0,60.0,60.0,57,0.017543859649122806
htt,2023-05,3.0,4.0,4.0,60.0,60.0,57,0.07017543859649122
htt,2023-06,2.0,2.0,2.0,60.0,60.0,57,0.03508771929824561
htt,2023-07,1.0,1.0,1.0,60.0,60.0,57,0.017543859649122806
htt,2023-08,5.0,10.0,10.0,60.0,60.0,57,0.17543859649122806
htt,2023-09,1.0,1.0,1.0,,,57,0.017543859649122806
htt,2023-10,2.0,2.0,2.0,60.0,60.0,57,0.03508771929824561
htt,2023-11,,,,60.0,60.0,57,
htt,2023-12,2.0,2.0,2.0,,,57,0.03508771929824561
htt,2024-01,1.0,1.0,1.0,,,57,0.017543859649122806
htt,2024-02,,,,60.0,60.0,57,
htt,2024-03,,,,60.0,60.0,57,
htt,2024-04,1.0,1.0,1.0,60.0,60.0,57,0.017543859649122806
htt,2024-05,2.0,3.0,3.0,,,57,0.05263157894736842
htt,2024-06,1.0,1.0,1.0,60.0,60.0,57,0.017543859649122806
htt,2024-07,,,,60.0,60.0,57,
htt,2024-08,2.0,2.0,2.0,60.0,60.0,57,0.03508771929824561
htt,2024-09,1.0,1.0,1.0,,,57,0.017543859649122806
htt,2024-10,2.0,3.0,3.0,,,57,0.05263157894736842
htđ,2020-05,,,,60.0,60.0,47,
htđ,2020-07,1.0,1.0,0.0,,,47,0.0
htđ,2020-10,,,,60.0,60.0,47,
htđ,2020-11,,,,60.0,60.0,47,
htđ,2020-12,1.0,1.0,0.0,,,47,0.0
htđ,2021-01,1.0,1.0,0.0,60.0,60.0,47,0.0
htđ,2021-03,1.0,1.0,0.0,,,47,0.0
htđ,2021-11,,,,60.0,60.0,47,
htđ,2022-01,2.0,2.0,0.0,,,47,0.0
htđ,2022-03,,,,60.0,60.0,47,
htđ,2022-05,2.0,2.0,0.0,,,47,0.0
htđ,2022-06,,,,60.0,60.0,47,
htđ,2022-07,,,,60.0,60.0,47,
htđ,2022-08,1.0,2.0,0.0,60.0,60.0,47,0.0
htđ,2022-09,1.0,1.0,0.0,,,47,0.0
htđ,2022-10,2.0,2.0,0.0,60.0,60.0,47,0.0
htđ,2022-11,,,,60.0,60.0,47,
htđ,2022-12,1.0,1.0,1.0,,,47,0.02127659574468085
htđ,2023-01,1.0,2.0,2.0,,,47,0.0425531914893617
htđ,2023-02,,,,60.0,60.0,47,
htđ,2023-03,,,,60.0,60.0,47,
htđ,2023-04,1.0,1.0,1.0,60.0,60.0,47,0.02127659574468085
htđ,2023-05,3.0,5.0,5.0,,,47,0.10638297872340426
htđ,2023-06,1.0,1.0,1.0,60.0,60.0,47,0.02127659574468085
htđ,2023-07,,,,60.0,60.0,47,
htđ,2023-08,2.0,7.0,7.0,,,47,0.14893617021276595
htđ,2023-09,3.0,4.0,4.0,60.0,60.0,47,0.0851063829787234
htđ,2023-11,1.0,1.0,1.0,,,47,0.02127659574468085
htđ,2024-01,,,,60.0,60.0,47,
htđ,2024-02,,,,60.0,60.0,47,
htđ,2024-03,1.0,1.0,1.0,60.0,60.0,47,0.02127659574468085
htđ,2024-04,3.0,3.0,3.0,60.0,60.0,47,0.06382978723404255
htđ,2024-05,1.0,2.0,2.0,60.0,60.0,47,0.0425531914893617
htđ,2024-06,1.0,1.0,1.0,60.0,60.0,47,0.02127659574468085
htđ,2024-07,2.0,2.0,2.0,60.0,60.0,47,0.0425531914893617
htđ,2024-08,1.0,1.0,1.0,,,47,0.02127659574468085
htđ,2024-09,1.0,2.0,2.0,,,47,0.0425531914893617
hung long,2023-02,,,,60.0,60.0,5,
hung long,2023-04,1.0,1.0,1.0,60.0,60.0,5,0.2
hung long,2023-05,,,,60.0,60.0,5,
hung long,2023-06,1.0,1.0,1.0,,,5,0.2
hung long,2023-07,1.0,1.0,1.0,,,5,0.2
le minh xuan,2022-12,,,,60.0,60.0,13,
le minh xuan,2023-02,1.0,1.0,1.0,60.0,60.0,13,0.07692307692307693
le minh xuan,2023-04,1.0,1.0,1.0,,,13,0.07692307692307693
le minh xuan,2023-05,,,,60.0,60.0,13,
le minh xuan,2023-06,,,,60.0,60.0,13,
le minh xuan,2023-07,1.0,1.0,1.0,,,13,0.07692307692307693
le minh xuan,2023-08,2.0,2.0,2.0,,,13,0.15384615384615385
linh tay,2023-10,,,,60.0,60.0,11,
linh tay,2023-12,1.0,1.0,1.0,,,11,0.09090909090909091
linh trung,2022-11,,,,60.0,60.0,16,
linh trung,2023-01,1.0,1.0,1.0,,,16,0.0625
linh trung,2023-06,,,,60.0,60.0,16,
linh trung,2023-08,1.0,1.0,1.0,,,16,0.0625
linh trung,2023-09,,,,60.0,60.0,16,
linh trung,2023-11,2.0,2.0,2.0,,,16,0.125
linh xuan,2023-02,,,,60.0,60.0,13,
linh xuan,2023-04,1.0,1.0,1.0,,,13,0.07692307692307693
linh xuan,2023-05,,,,60.0,60.0,13,
linh xuan,2023-07,1.0,1.0,1.0,,,13,0.07692307692307693
linh đong,2022-12,,,,60.0,60.0,26,
linh đong,2023-01,1.0,1.0,1.0,,,26,0.038461538461538464
linh đong,2023-02,,,,60.0,60.0,26,
linh đong,2023-04,1.0,1.0,1.0,,,26,0.038461538461538464
linh đong,2023-05,,,,60.0,60.0,26,
linh đong,2023-07,1.0,1.0,1.0,60.0,60.0,26,0.038461538461538464
linh đong,2023-08,,,,60.0,60.0,26,
linh đong,2023-09,2.0,2.0,2.0,,,26,0.07692307692307693
linh đong,2023-10,1.0,1.0,1.0,,,26,0.038461538461538464
long binh,2023-03,,,,60.0,60.0,31,
long binh,2023-05,1.0,1.0,1.0,,,31,0.03225806451612903
long binh,2023-07,,,,60.0,60.0,31,
long binh,2023-09,1.0,1.0,1.0,,,31,0.03225806451612903
long hoa,2023-01,,,,60.0,60.0,5,
long hoa,2023-02,,,,60.0,60.0,5,
long hoa,2023-03,1.0,1.0,1.0,,,5,0.2
long hoa,2023-04,1.0,1.0,1.0,,,5,0.2
long hoa,2023-07,,,,60.0,60.0,5,
long hoa,2023-09,1.0,1.0,1.0,,,5,0.2
long thanh my,2023-05,,,,60.0,60.0,36,
long thanh my,2023-06,,,,60.0,60.0,36,
long thanh my,2023-07,1.0,1.0,1.0,60.0,60.0,36,0.027777777777777776
long thanh my,2023-08,1.0,1.0,1.0,,,36,0.027777777777777776
long thanh my,2023-09,1.0,1.0,1.0,,,36,0.027777777777777776
long thanh my,2023-10,,,,60.0,60.0,36,
long thanh my,2023-12,1.0,1.0,1.0,,,36,0.027777777777777776
long thoi,2023-07,,,,60.0,60.0,7,
long thoi,2023-09,1.0,1.0,1.0,,,7,0.14285714285714285
long truong,2023-02,,,,11.0,11.0,8,
long truong,2023-03,2.0,1.0,2.0,,,8,0.25
long truong,2023-08,,,,60.0,60.0,8,
long truong,2023-10,1.0,1.0,1.0,60.0,60.0,8,0.125
long truong,2023-12,1.0,1.0,1.0,,,8,0.125
ly nhon,2023-06,,,,60.0,60.0,2,
ly nhon,2023-08,1.0,1.0,1.0,,,2,0.5
nd,2020-11,,,,60.0,60.0,44,
nd,2021-01,1.0,1.0,0.0,60.0,60.0,44,0.0
nd,2021-03,2.0,2.0,0.0,,,44,0.0
nd,2021-09,,,,60.0,60.0,44,
nd,2021-10,,,,60.0,60.0,44,
nd,2021-11,1.0,1.0,0.0,60.0,60.0,44,0.0
nd,2021-12,1.0,1.0,0.0,60.0,60.0,44,0.0
nd,2022-01,1.0,1.0,0.0,,,44,0.0
nd,2022-02,1.0,1.0,0.0,,,44,0.0
nd,2022-03,,,,60.0,60.0,44,
nd,2022-04,,,,60.0,60.0,44,
nd,2022-05,3.0,3.0,0.0,60.0,60.0,44,0.0
nd,2022-06,2.0,2.0,0.0,,,44,0.0
nd,2022-07,1.0,1.0,0.0,,,44,0.0
nd,2022-12,,,,60.0,60.0,44,
nd,2023-01,,,,60.0,60.0,44,
nd,2023-02,1.0,1.0,1.0,,,44,0.022727272727272728
nd,2023-03,1.0,1.0,1.0,60.0,60.0,44,0.022727272727272728
nd,2023-04,,,,60.0,60.0,44,
nd,2023-05,2.0,4.0,4.0,60.0,60.0,44,0.09090909090909091
nd,2023-06,2.0,2.0,2.0,60.0,60.0,44,0.045454545454545456
nd,2023-07,1.0,3.0,3.0,60.0,60.0,44,0.06818181818181818
nd,2023-08,2.0,3.0,3.0,,,44,0.06818181818181818
nd,2023-09,1.0,1.0,1.0,60.0,60.0,44,0.022727272727272728
nd,2023-10,,,,60.0,60.0,44,
nd,2023-11,1.0,2.0,2.0,60.0,60.0,44,0.045454545454545456
nd,2023-12,1.0,1.0,1.0,60.0,60.0,44,0.022727272727272728
nd,2024-01,1.0,1.0,1.0,60.0,60.0,44,0.022727272727272728
nd,2024-02,1.0,1.0,1.0,,,44,0.022727272727272728
nd,2024-03,1.0,2.0,2.0,60.0,60.0,44,0.045454545454545456
nd,2024-04,,,,60.0,60.0,44,
nd,2024-05,2.0,3.0,3.0,60.0,60.0,44,0.06818181818181818
nd,2024-06,1.0,1.0,1.0,60.0,60.0,44,0.022727272727272728
nd,2024-07,3.0,3.0,3.0,,,44,0.06818181818181818
nd,2024-08,1.0,1.0,1.0,60.0,60.0,44,0.022727272727272728
nd,2024-10,1.0,1.0,1.0,,,44,0.022727272727272728
nguyen cu trinh,2023-01,,,,60.0,60.0,50,
nguyen cu trinh,2023-03,1.0,1.0,1.0,60.0,60.0,50,0.02
nguyen cu trinh,2023-05,1.0,1.0,1.0,,,50,0.02
nguyen cu trinh,2023-10,,,,60.0,60.0,50,
nguyen cu trinh,2023-12,1.0,1.0,1.0,,,50,0.02
nguyen thai binh,2023-01,,,,60.0,60.0,60,
nguyen thai binh,2023-03,1.0,1.0,1.0,,,60,0.016666666666666666
nhi binh,2023-03,,,,60.0,60.0,7,
nhi binh,2023-05,2.0,2.0,2.0,,,7,0.2857142857142857
nhi binh,2023-08,,,,60.0,60.0,7,
nhi binh,2023-10,1.0,1.0,1.0,60.0,60.0,7,0.14285714285714285
nhi binh,2023-11,,,,10.0,10.0,7,
nhi binh,2023-12,2.0,2.0,2.0,,,7,0.2857142857142857
nhon đuc,2023-04,,,,60.0,60.0,5,
nhon đuc,2023-05,,,,60.0,60.0,5,
nhon đuc,2023-06,1.0,1.0,1.0,,,5,0.2
nhon đuc,2023-07,1.0,1.0,1.0,,,5,0.2
nhuan đuc,2023-08,,,,60.0,60.0,2,
nhuan đuc,2023-10,1.0,1.0,1.0,60.0,60.0,2,0.5
nhuan đuc,2023-11,1.0,1.0,1.0,,,2,0.5
pham ngu lao,2023-03,,,,60.0,60.0,67,
pham ngu lao,2023-05,1.0,1.0,1.0,,,67,0.014925373134328358
pham ngu lao,2023-06,,,,60.0,60.0,67,
pham ngu lao,2023-07,1.0,1.0,1.0,,,67,0.014925373134328358
pham van hai,2023-02,,,,60.0,60.0,10,
pham van hai,2023-03,,,,60.0,60.0,10,
pham van hai,2023-04,1.0,1.0,1.0,,,10,0.1
pham van hai,2023-05,1.0,1.0,1.0,,,10,0.1
pham van hai,2023-08,,,,60.0,60.0,10,
pham van hai,2023-09,,,,60.0,60.0,10,
pham van hai,2023-10,1.0,1.0,1.0,,,10,0.1
pham van hai,2023-11,2.0,2.0,2.0,,,10,0.2
phong phu,2023-02,,,,60.0,60.0,30,
phong phu,2023-04,3.0,3.0,3.0,60.0,60.0,30,0.1
phong phu,2023-05,,,,60.0,60.0,30,
phong phu,2023-06,1.0,1.0,1.0,60.0,60.0,30,0.03333333333333333
phong phu,2023-07,1.0,1.0,1.0,60.0,60.0,30,0.03333333333333333
phong phu,2023-08,1.0,1.0,1.0,60.0,60.0,30,0.03333333333333333
phong phu,2023-09,1.0,2.0,2.0,,,30,0.06666666666666667
phong phu,2023-10,1.0,1.0,1.0,60.0,60.0,30,0.03333333333333333
phong phu,2023-12,1.0,1.0,1.0,,,30,0.03333333333333333
phu hoa đong,2023-02,,,,9.0,9.0,6,
phu hoa đong,2023-03,3.0,2.0,3.0,9.0,9.0,6,0.5
phu hoa đong,2023-06,1.0,1.0,1.0,,,6,0.16666666666666666
phu hoa đong,2023-10,2.0,1.0,2.0,60.0,60.0,6,0.3333333333333333
phu hoa đong,2023-12,1.0,1.0,1.0,,,6,0.16666666666666666
phu huu,2023-05,,,,60.0,60.0,23,
phu huu,2023-06,,,,60.0,60.0,23,
phu huu,2023-07,1.0,1.0,1.0,,,23,0.043478260869565216
phu huu,2023-08,2.0,2.0,2.0,60.0,60.0,23,0.08695652173913043
phu huu,2023-10,1.0,1.0,1.0,,,23,0.043478260869565216
phu my,2023-01,,,,60.0,60.0,21,
phu my,2023-03,1.0,1.0,1.0,,,21,0.047619047619047616
phu thanh,2023-03,1.0,1.0,1.0,9.0,9.0,16,0.0625
phu thanh,2023-05,1.0,1.0,1.0,,,16,0.0625
phu thanh,2023-10,,,,60.0,60.0,16,
phu thanh,2023-12,1.0,1.0,1.0,,,16,0.0625
phu tho hoa,2022-11,,,,60.0,60.0,25,
phu tho hoa,2023-01,4.0,4.0,4.0,,,25,0.16
phu tho hoa,2023-05,,,,60.0,60.0,25,
phu tho hoa,2023-06,1.0,1.0,1.0,,,25,0.04
phu tho hoa,2023-08,,,,60.0,60.0,25,
phu tho hoa,2023-10,1.0,1.0,1.0,,,25,0.04
phu thuan,2023-01,,,,60.0,60.0,18,
phu thuan,2023-02,,,,60.0,60.0,18,
phu thuan,2023-03,1.0,1.0,1.0,,,18,0.05555555555555555
phu thuan,2023-04,1.0,1.0,1.0,,,18,0.05555555555555555
phu thuan,2023-09,,,,60.0,60.0,18,
phu thuan,2023-10,1.0,1.0,1.0,,,18,0.05555555555555555
phu trung,2022-12,,,,60.0,60.0,13,
phu trung,2023-01,1.0,1.0,1.0,,,13,0.07692307692307693
phu trung,2023-03,,,,60.0,60.0,13,
phu trung,2023-05,2.0,2.0,2.0,60.0,60.0,13,0.15384615384615385
phu trung,2023-07,1.0,1.0,1.0,,,13,0.07692307692307693
phu trung,2023-09,,,,60.0,60.0,13,
phu trung,2023-10,,,,60.0,60.0,13,
phu trung,2023-11,1.0,1.0,1.0,,,13,0.07692307692307693
phu trung,2023-12,1.0,1.0,1.0,,,13,0.07692307692307693
phu xuan,2022-11,,,,60.0,60.0,9,
phu xuan,2023-01,1.0,1.0,1.0,,,9,0.1111111111111111
phu xuan,2023-07,,,,60.0,60.0,9,
phu xuan,2023-08,1.0,1.0,1.0,,,9,0.1111111111111111
phuoc binh,2022-11,,,,60.0,60.0,10,
phuoc binh,2023-01,1.0,1.0,1.0,,,10,0.1
phuoc binh,2023-05,,,,60.0,60.0,10,
phuoc binh,2023-07,1.0,1.0,1.0,,,10,0.1
phuoc binh,2023-09,,,,60.0,60.0,10,
phuoc binh,2023-10,,,,60.0,60.0,10,
phuoc binh,2023-11,2.0,2.0,2.0,,,10,0.2
phuoc binh,2023-12,1.0,1.0,1.0,,,10,0.1
phuoc kien,2022-11,,,,60.0,60.0,31,
phuoc kien,2022-12,,,,60.0,60.0,31,
phuoc kien,2023-01,3.0,3.0,3.0,60.0,60.0,31,0.0967741935483871
phuoc kien,2023-02,,,,60.0,60.0,31,
phuoc kien,2023-03,3.0,3.0,3.0,,,31,0.0967741935483871
phuoc kien,2023-04,1.0,1.0,1.0,60.0,60.0,31,0.03225806451612903
phuoc kien,2023-06,1.0,1.0,1.0,,,31,0.03225806451612903
phuoc kien,2023-08,,,,60.0,60.0,31,
phuoc kien,2023-10,1.0,1.0,1.0,60.0,60.0,31,0.03225806451612903
phuoc kien,2023-11,1.0,1.0,1.0,,,31,0.03225806451612903
phuoc loc,2022-12,,,,60.0,60.0,2,
phuoc loc,2023-02,1.0,1.0,1.0,,,2,0.5
phuoc long a,2023-01,,,,60.0,60.0,13,
phuoc long a,2023-03,1.0,1.0,1.0,,,13,0.07692307692307693
phuoc long a,2023-05,,,,60.0,60.0,13,
phuoc long a,2023-07,1.0,1.0,1.0,,,13,0.07692307692307693
phuoc long a,2023-09,,,,60.0,60.0,13,
phuoc long a,2023-11,1.0,1.0,1.0,,,13,0.07692307692307693
phuoc long b,2023-05,,,,60.0,60.0,33,
phuoc long b,2023-06,,,,60.0,60.0,33,
phuoc long b,2023-07,2.0,3.0,3.0,,,33,0.09090909090909091
phuoc long b,2023-08,1.0,1.0,1.0,,,33,0.030303030303030304
phuoc long b,2023-09,,,,60.0,60.0,33,
phuoc long b,2023-10,,,,60.0,60.0,33,
phuoc long b,2023-11,1.0,1.0,1.0,,,33,0.030303030303030304
phuoc long b,2023-12,1.0,1.0,1.0,,,33,0.030303030303030304
phuoc thanh,2023-01,,,,60.0,60.0,3,
phuoc thanh,2023-03,1.0,1.0,1.0,,,3,0.3333333333333333
phuoc vinh an,2022-11,,,,60.0,60.0,7,
phuoc vinh an,2023-01,1.0,1.0,1.0,,,7,0.14285714285714285
phuoc vinh an,2023-06,2.0,1.0,2.0,9.0,9.0,7,0.2857142857142857
phuoc vinh an,2023-09,2.0,1.0,2.0,,,7,0.2857142857142857
pn,2020-04,,,,60.0,60.0,142,
pn,2020-05,,,,60.0,60.0,142,
pn,2020-06,2.0,2.0,0.0,,,142,0.0
pn,2020-07,1.0,1.0,0.0,,,142,0.0
pn,2020-08,,,,60.0,60.0,142,
pn,2020-09,,,,60.0,60.0,142,
pn,2020-10,1.0,1.0,0.0,,,142,0.0
pn,2020-11,1.0,1.0,0.0,60.0,60.0,142,0.0
pn,2021-01,2.0,2.0,0.0,60.0,60.0,142,0.0
pn,2021-02,,,,60.0,60.0,142,
pn,2021-03,1.0,1.0,0.0,60.0,60.0,142,0.0
pn,2021-04,4.0,5.0,0.0,,,142,0.0
pn,2021-05,1.0,1.0,0.0,60.0,60.0,142,0.0
pn,2021-07,1.0,1.0,0.0,,,142,0.0
pn,2021-09,,,,60.0,60.0,142,
pn,2021-10,,,,60.0,60.0,142,
pn,2021-11,3.0,3.0,0.0,60.0,60.0,142,0.0
pn,2021-12,2.0,3.0,0.0,60.0,60.0,142,0.0
pn,2022-01,4.0,4.0,0.0,60.0,60.0,142,0.0
pn,2022-02,1.0,1.0,0.0,60.0,60.0,142,0.0
pn,2022-03,2.0,2.0,0.0,60.0,60.0,142,0.0
pn,2022-04,2.0,3.0,0.0,60.0,60.0,142,0.0
pn,2022-05,4.0,10.0,0.0,60.0,60.0,142,0.0
pn,2022-06,2.0,2.0,0.0,60.0,60.0,142,0.0
pn,2022-07,3.0,6.0,0.0,60.0,60.0,142,0.0
pn,2022-08,3.0,4.0,0.0,60.0,60.0,142,0.0
pn,2022-09,3.0,3.0,0.0,60.0,60.0,142,0.0
pn,2022-10,2.0,2.0,0.0,60.0,60.0,142,0.0
pn,2022-11,2.0,2.0,2.0,60.0,60.0,142,0.014084507042253521
pn,2022-12,2.0,3.0,3.0,60.0,60.0,142,0.02112676056338028
pn,2023-01,3.0,5.0,5.0,60.0,60.0,142,0.035211267605633804
pn,2023-02,4.0,4.0,4.0,60.0,60.0,142,0.028169014084507043
pn,2023-03,2.0,2.0,2.0,60.0,60.0,142,0.014084507042253521
pn,2023-04,3.0,4.0,4.0,60.0,60.0,142,0.028169014084507043
pn,2023-05,7.0,10.0,10.0,60.0,60.0,142,0.07042253521126761
pn,2023-06,2.0,2.0,2.0,60.0,60.0,142,0.014084507042253521
pn,2023-07,1.0,2.0,2.0,60.0,60.0,142,0.014084507042253521
pn,2023-08,5.0,9.0,9.0,,,142,0.06338028169014084
pn,2023-09,4.0,6.0,6.0,60.0,60.0,142,0.04225352112676056
pn,2023-10,,,,60.0,60.0,142,
pn,2023-11,2.0,5.0,5.0,60.0,60.0,142,0.035211267605633804
pn,2023-12,1.0,1.0,1.0,60.0,60.0,142,0.007042253521126761
pn,2024-01,1.0,1.0,1.0,60.0,60.0,142,0.007042253521126761
pn,2024-02,1.0,1.0,1.0,60.0,60.0,142,0.007042253521126761
pn,2024-03,2.0,4.0,4.0,60.0,60.0,142,0.028169014084507043
pn,2024-04,2.0,2.0,2.0,60.0,60.0,142,0.014084507042253521
pn,2024-05,3.0,3.0,3.0,60.0,60.0,142,0.02112676056338028
pn,2024-06,1.0,1.0,1.0,60.0,60.0,142,0.007042253521126761
pn,2024-07,2.0,7.0,7.0,60.0,60.0,142,0.04929577464788732
pn,2024-08,3.0,4.0,4.0,60.0,60.0,142,0.028169014084507043
pn,2024-09,1.0,1.0,1.0,60.0,60.0,142,0.007042253521126761
pn,2024-10,2.0,3.0,3.0,60.0,60.0,142,0.02112676056338028
pn,2024-11,1.0,2.0,2.0,,,142,0.014084507042253521
pn,2024-12,1.0,1.0,1.0,,,142,0.007042253521126761
son ky,2023-05,,,,60.0,60.0,36,
son ky,2023-07,1.0,1.0,1.0,60.0,60.0,36,0.027777777777777776
son ky,2023-09,1.0,1.0,1.0,,,36,0.027777777777777776
son ky,2023-10,,,,60.0,60.0,36,
son ky,2023-11,1.0,1.0,1.0,,,36,0.027777777777777776
tam binh,2022-12,,,,60.0,60.0,15,
tam binh,2023-01,,,,60.0,60.0,15,
tam binh,2023-02,1.0,1.0,1.0,,,15,0.06666666666666667
tam binh,2023-03,1.0,1.0,1.0,60.0,60.0,15,0.06666666666666667
tam binh,2023-04,,,,60.0,60.0,15,
tam binh,2023-05,1.0,1.0,1.0,,,15,0.06666666666666667
tam binh,2023-06,1.0,1.0,1.0,9.0,9.0,15,0.06666666666666667
tam binh,2023-07,1.0,1.0,1.0,60.0,60.0,15,0.06666666666666667
tam binh,2023-09,2.0,2.0,2.0,,,15,0.13333333333333333
tam binh,2023-10,,,,60.0,60.0,15,
tam binh,2023-12,2.0,2.0,2.0,,,15,0.13333333333333333
tam phu,2023-05,,,,60.0,60.0,13,
tam phu,2023-06,1.0,1.0,1.0,,,13,0.07692307692307693
tam phu,2023-07,1.0,1.0,1.0,,,13,0.07692307692307693
tam phu,2023-10,,,,60.0,60.0,13,
tam phu,2023-11,1.0,1.0,1.0,,,13,0.07692307692307693
tam thon hiep,2023-01,,,,60.0,60.0,3,
tam thon hiep,2023-03,1.0,1.0,1.0,,,3,0.3333333333333333
tan an hoi,2023-04,,,,60.0,60.0,6,
tan an hoi,2023-06,1.0,1.0,1.0,,,6,0.16666666666666666
tan an hoi,2023-08,,,,60.0,60.0,6,
tan an hoi,2023-10,1.0,1.0,1.0,,,6,0.16666666666666666
tan chanh hiep,2022-12,,,,60.0,60.0,27,
tan chanh hiep,2023-01,,,,60.0,60.0,27,
tan chanh hiep,2023-02,1.0,1.0,1.0,60.0,60.0,27,0.037037037037037035
tan chanh hiep,2023-03,1.0,1.0,1.0,,,27,0.037037037037037035
tan chanh hiep,2023-04,1.0,1.0,1.0,60.0,60.0,27,0.037037037037037035
tan chanh hiep,2023-06,2.0,2.0,2.0,,,27,0.07407407407407407
tan chanh hiep,2023-08,,,,60.0,60.0,27,
tan chanh hiep,2023-09,,,,60.0,60.0,27,
tan chanh hiep,2023-10,1.0,1.0,1.0,60.0,60.0,27,0.037037037037037035
tan chanh hiep,2023-11,1.0,1.0,1.0,,,27,0.037037037037037035
tan chanh hiep,2023-12,2.0,2.0,2.0,,,27,0.07407407407407407
tan hiep,2023-03,,,,60.0,60.0,8,
tan hiep,2023-05,1.0,1.0,1.0,60.0,60.0,8,0.125
tan hiep,2023-07,1.0,1.0,1.0,60.0,60.0,8,0.125
tan hiep,2023-09,1.0,1.0,1.0,,,8,0.125
tan hung,2022-11,,,,60.0,60.0,48,
tan hung,2023-01,2.0,2.0,2.0,,,48,0.041666666666666664
tan hung,2023-05,,,,60.0,60.0,48,
tan hung,2023-07,1.0,1.0,1.0,60.0,60.0,48,0.020833333333333332
tan hung,2023-08,,,,60.0,60.0,48,
tan hung,2023-09,1.0,1.0,1.0,,,48,0.020833333333333332
tan hung,2023-10,1.0,1.0,1.0,60.0,60.0,48,0.020833333333333332
tan hung,2023-12,1.0,1.0,1.0,,,48,0.020833333333333332
tan hung thuan,2023-06,,,,60.0,60.0,8,
tan hung thuan,2023-07,,,,60.0,60.0,8,
tan hung thuan,2023-08,1.0,1.0,1.0,,,8,0.125
tan hung thuan,2023-09,1.0,1.0,1.0,60.0,60.0,8,0.125
tan hung thuan,2023-10,,,,60.0,60.0,8,
tan hung thuan,2023-11,1.0,1.0,1.0,,,8,0.125
tan hung thuan,2023-12,2.0,2.0,2.0,,,8,0.25
tan kien,2022-12,,,,60.0,60.0,13,
tan kien,2023-01,,,,60.0,60.0,13,
tan kien,2023-02,2.0,2.0,2.0,,,13,0.15384615384615385
tan kien,2023-03,1.0,1.0,1.0,60.0,60.0,13,0.07692307692307693
tan kien,2023-04,,,,60.0,60.0,13,
tan kien,2023-05,2.0,2.0,2.0,,,13,0.15384615384615385
tan kien,2023-09,,,,60.0,60.0,13,
tan kien,2023-11,1.0,1.0,1.0,,,13,0.07692307692307693
tan kieng,2022-11,,,,60.0,60.0,14,
tan kieng,2023-01,1.0,1.0,1.0,60.0,60.0,14,0.07142857142857142
tan kieng,2023-03,2.0,2.0,2.0,60.0,60.0,14,0.14285714285714285
tan kieng,2023-05,1.0,1.0,1.0,60.0,60.0,14,0.07142857142857142
tan kieng,2023-06,,,,60.0,60.0,14,
tan kieng,2023-07,1.0,1.0,1.0,,,14,0.07142857142857142
tan kieng,2023-08,2.0,2.0,2.0,,,14,0.14285714285714285
tan nhut,2023-04,,,,60.0,60.0,6,
tan nhut,2023-06,1.0,1.0,1.0,60.0,60.0,6,0.16666666666666666
tan nhut,2023-08,3.0,3.0,3.0,,,6,0.5
tan phong,2023-07,,,,60.0,60.0,134,
tan phong,2023-09,1.0,1.0,1.0,,,134,0.007462686567164179
tan phu,2023-01,,,,60.0,60.0,149,
tan phu,2023-03,1.0,1.0,1.0,60.0,60.0,149,0.006711409395973154
tan phu,2023-04,,,,60.0,60.0,149,
tan phu,2023-05,1.0,1.0,1.0,60.0,60.0,149,0.006711409395973154
tan phu,2023-06,3.0,3.0,3.0,60.0,60.0,149,0.020134228187919462
tan phu,2023-07,1.0,1.0,1.0,60.0,60.0,149,0.006711409395973154
tan phu,2023-08,1.0,1.0,1.0,60.0,60.0,149,0.006711409395973154
tan phu,2023-09,2.0,2.0,2.0,,,149,0.013422818791946308
tan phu,2023-10,1.0,1.0,1.0,,,149,0.006711409395973154
tan phu trung,2023-01,,,,60.0,60.0,11,
tan phu trung,2023-03,1.0,1.0,1.0,60.0,60.0,11,0.09090909090909091
tan phu trung,2023-05,1.0,1.0,1.0,,,11,0.09090909090909091
tan phu trung,2023-10,,,,60.0,60.0,11,
tan phu trung,2023-12,2.0,2.0,2.0,,,11,0.18181818181818182
tan quy,2023-01,,,,60.0,60.0,49,
tan quy,2023-02,,,,60.0,60.0,49,
tan quy,2023-03,1.0,1.0,1.0,60.0,60.0,49,0.02040816326530612
tan quy,2023-04,1.0,1.0,1.0,60.0,60.0,49,0.02040816326530612
tan quy,2023-05,1.0,1.0,1.0,,,49,0.02040816326530612
tan quy,2023-06,1.0,1.0,1.0,60.0,60.0,49,0.02040816326530612
tan quy,2023-07,,,,60.0,60.0,49,
tan quy,2023-08,2.0,2.0,2.0,,,49,0.04081632653061224
tan quy,2023-09,1.0,1.0,1.0,,,49,0.02040816326530612
tan quy tay,2022-12,,,,60.0,60.0,10,
tan quy tay,2023-02,1.0,1.0,1.0,,,10,0.1
tan quy tay,2023-07,,,,60.0,60.0,10,
tan quy tay,2023-09,2.0,2.0,2.0,60.0,60.0,10,0.2
tan quy tay,2023-11,1.0,1.0,1.0,,,10,0.1
tan son nhi,2022-11,,,,60.0,60.0,23,
tan son nhi,2023-01,1.0,1.0,1.0,,,23,0.043478260869565216
tan son nhi,2023-05,,,,60.0,60.0,23,
tan son nhi,2023-07,2.0,3.0,3.0,,,23,0.13043478260869565
tan son nhi,2023-10,,,,60.0,60.0,23,
tan son nhi,2023-12,1.0,1.0,1.0,,,23,0.043478260869565216
tan tao,2023-01,,,,60.0,60.0,19,
tan tao,2023-03,1.0,1.0,1.0,,,19,0.05263157894736842
tan tao,2023-04,,,,60.0,60.0,19,
tan tao,2023-05,,,,34.5,54.9,19,
tan tao,2023-06,4.0,3.0,4.0,60.0,60.0,19,0.21052631578947367
tan tao,2023-07,1.0,1.0,1.0,60.0,60.0,19,0.05263157894736842
tan tao,2023-08,2.0,2.0,2.0,,,19,0.10526315789473684
tan tao,2023-09,1.0,1.0,1.0,,,19,0.05263157894736842
tan tao,2023-12,1.0,1.0,1.0,,,19,0.05263157894736842
tan tao,2024-01,1.0,1.0,1.0,,,19,0.05263157894736842
tan tao a,2022-12,,,,60.0,60.0,27,
tan tao a,2023-01,,,,60.0,60.0,27,
tan tao a,2023-02,2.0,3.0,3.0,,,27,0.1111111111111111
tan tao a,2023-03,1.0,1.0,1.0,,,27,0.037037037037037035
tan tao a,2023-04,,,,60.0,60.0,27,
tan tao a,2023-05,,,,60.0,60.0,27,
tan tao a,2023-06,1.0,1.0,1.0,,,27,0.037037037037037035
tan tao a,2023-07,1.0,1.0,1.0,60.0,60.0,27,0.037037037037037035
tan tao a,2023-08,,,,60.0,60.0,27,
tan tao a,2023-09,1.0,1.0,1.0,60.0,60.0,27,0.037037037037037035
tan tao a,2023-10,1.0,1.0,1.0,60.0,60.0,27,0.037037037037037035
tan tao a,2023-11,2.0,2.0,2.0,11.0,11.0,27,0.07407407407407407
tan tao a,2023-12,2.0,2.0,2.0,,,27,0.07407407407407407
tan thanh,2022-11,,,,60.0,60.0,31,
tan thanh,2023-01,1.0,1.0,1.0,,,31,0.03225806451612903
tan thanh,2023-02,,,,60.0,60.0,31,
tan thanh,2023-03,,,,60.0,60.0,31,
tan thanh,2023-04,1.0,1.0,1.0,,,31,0.03225806451612903
tan thanh,2023-05,1.0,1.0,1.0,,,31,0.03225806451612903
tan thanh,2023-06,,,,60.0,60.0,31,
tan thanh,2023-08,1.0,1.0,1.0,,,31,0.03225806451612903
tan thanh,2023-09,,,,60.0,60.0,31,
tan thanh,2023-10,,,,60.0,60.0,31,
tan thanh,2023-11,2.0,3.0,3.0,,,31,0.0967741935483871
tan thanh đong,2023-02,,,,60.0,60.0,8,
tan thanh đong,2023-04,1.0,1.0,1.0,60.0,60.0,8,0.125
tan thanh đong,2023-05,,,,60.0,60.0,8,
tan thanh đong,2023-06,2.0,2.0,2.0,,,8,0.25
tan thanh đong,2023-07,1.0,1.0,1.0,,,8,0.125
tan thoi hiep,2023-01,,,,60.0,60.0,8,
tan thoi hiep,2023-03,1.0,1.0,1.0,,,8,0.125
tan thoi hiep,2023-08,,,,60.0,60.0,8,
tan thoi hiep,2023-10,1.0,1.0,1.0,,,8,0.125
tan thoi hoa,2022-12,,,,60.0,60.0,15,
tan thoi hoa,2023-01,1.0,1.0,1.0,,,15,0.06666666666666667
tan thoi hoa,2023-02,1.0,1.0,1.0,,,15,0.06666666666666667
tan thoi hoa,2023-03,,,,60.0,60.0,15,
tan thoi hoa,2023-05,1.0,1.0,1.0,60.0,60.0,15,0.06666666666666667
tan thoi hoa,2023-07,1.0,2.0,2.0,,,15,0.13333333333333333
tan thoi hoa,2023-09,,,,60.0,60.0,15,
tan thoi hoa,2023-10,,,,60.0,60.0,15,
tan thoi hoa,2023-11,3.0,3.0,3.0,11.0,11.0,15,0.2
tan thoi hoa,2023-12,1.0,1.0,1.0,,,15,0.06666666666666667
tan thoi nhat,2022-12,,,,60.0,60.0,27,
tan thoi nhat,2023-01,,,,60.0,60.0,27,
tan thoi nhat,2023-02,1.0,1.0,1.0,,,27,0.037037037037037035
tan thoi nhat,2023-03,1.0,1.0,1.0,,,27,0.037037037037037035
tan thoi nhat,2023-05,,,,60.0,60.0,27,
tan thoi nhat,2023-06,,,,60.0,60.0,27,
tan thoi nhat,2023-07,1.0,1.0,1.0,60.0,60.0,27,0.037037037037037035
tan thoi nhat,2023-08,2.0,2.0,2.0,,,27,0.07407407407407407
tan thoi nhat,2023-09,1.0,1.0,1.0,,,27,0.037037037037037035
tan thoi nhi,2023-06,,,,60.0,60.0,10,
tan thoi nhi,2023-07,,,,60.0,60.0,10,
tan thoi nhi,2023-08,2.0,2.0,2.0,,,10,0.2
tan thoi nhi,2023-09,1.0,1.0,1.0,,,10,0.1
tan thoi nhi,2023-10,,,,60.0,60.0,10,
tan thoi nhi,2023-12,1.0,1.0,1.0,,,10,0.1
tan thong hoi,2022-11,,,,60.0,60.0,10,
tan thong hoi,2023-01,1.0,1.0,1.0,,,10,0.1
tan thuan tay,2022-11,,,,60.0,60.0,15,
tan thuan tay,2022-12,,,,60.0,60.0,15,
tan thuan tay,2023-01,1.0,1.0,1.0,,,15,0.06666666666666667
tan thuan tay,2023-02,1.0,1.0,1.0,,,15,0.06666666666666667
tan thuan tay,2023-03,,,,60.0,60.0,15,
tan thuan tay,2023-05,1.0,1.0,1.0,,,15,0.06666666666666667
tan thuan đong,2022-11,,,,60.0,60.0,30,
tan thuan đong,2023-01,1.0,1.0,1.0,,,30,0.03333333333333333
tan thuan đong,2023-02,,,,60.0,60.0,30,
tan thuan đong,2023-03,,,,60.0,60.0,30,
tan thuan đong,2023-04,1.0,1.0,1.0,,,30,0.03333333333333333
tan thuan đong,2023-05,1.0,1.0,1.0,,,30,0.03333333333333333
tan thuan đong,2023-06,,,,60.0,60.0,30,
tan thuan đong,2023-08,1.0,1.0,1.0,,,30,0.03333333333333333
tan xuan,2023-04,,,,60.0,60.0,11,
tan xuan,2023-05,,,,60.0,60.0,11,
tan xuan,2023-06,1.0,1.0,1.0,60.0,60.0,11,0.09090909090909091
tan xuan,2023-07,1.0,1.0,1.0,,,11,0.09090909090909091
tan xuan,2023-08,1.0,1.0,1.0,,,11,0.09090909090909091
tan đinh,2022-12,,,,60.0,60.0,43,
tan đinh,2023-01,1.0,1.0,1.0,,,43,0.023255813953488372
tan đinh,2023-03,,,,60.0,60.0,43,
tan đinh,2023-05,1.0,1.0,1.0,,,43,0.023255813953488372
tan đinh,2023-06,,,,60.0,60.0,43,
tan đinh,2023-07,1.0,1.0,1.0,,,43,0.023255813953488372
tang nhon phu a,2022-11,,,,60.0,60.0,21,
tang nhon phu a,2023-01,1.0,1.0,1.0,,,21,0.047619047619047616
tang nhon phu a,2023-03,,,,60.0,60.0,21,
tang nhon phu a,2023-04,,,,60.0,60.0,21,
tang nhon phu a,2023-05,1.0,1.0,1.0,60.0,60.0,21,0.047619047619047616
tang nhon phu a,2023-06,2.0,2.0,2.0,60.0,60.0,21,0.09523809523809523
tang nhon phu a,2023-07,1.0,1.0,1.0,,,21,0.047619047619047616
tang nhon phu a,2023-08,1.0,1.0,1.0,,,21,0.047619047619047616
tang nhon phu b,2023-07,,,,60.0,60.0,8,
tang nhon phu b,2023-09,1.0,1.0,1.0,,,8,0.125
tay thanh,2022-12,,,,60.0,60.0,44,
tay thanh,2023-01,,,,60.0,60.0,44,
tay thanh,2023-02,1.0,1.0,1.0,60.0,60.0,44,0.022727272727272728
tay thanh,2023-03,2.0,2.0,2.0,35.5,55.1,44,0.045454545454545456
tay thanh,2023-04,1.0,1.0,1.0,,,44,0.022727272727272728
tay thanh,2023-05,1.0,1.0,1.0,60.0,60.0,44,0.022727272727272728
tay thanh,2023-06,1.0,1.0,1.0,11.0,11.0,44,0.022727272727272728
tay thanh,2023-07,1.0,1.0,1.0,60.0,60.0,44,0.022727272727272728
tay thanh,2023-08,1.0,1.0,1.0,,,44,0.022727272727272728
tb,2020-09,,,,60.0,60.0,46,
tb,2020-11,1.0,1.0,0.0,,,46,0.0
tb,2021-02,,,,60.0,60.0,46,
tb,2021-03,,,,60.0,60.0,46,
tb,2021-04,2.0,2.0,0.0,,,46,0.0
tb,2021-05,1.0,1.0,0.0,,,46,0.0
tb,2022-01,,,,60.0,60.0,46,
tb,2022-03,1.0,1.0,0.0,,,46,0.0
tb,2022-05,,,,60.0,60.0,46,
tb,2022-06,,,,60.0,60.0,46,
tb,2022-07,1.0,1.0,0.0,60.0,60.0,46,0.0
tb,2022-08,2.0,2.0,0.0,60.0,60.0,46,0.0
tb,2022-09,2.0,2.0,0.0,60.0,60.0,46,0.0
tb,2022-10,1.0,1.0,0.0,60.0,60.0,46,0.0
tb,2022-11,1.0,1.0,1.0,60.0,60.0,46,0.021739130434782608
tb,2022-12,3.0,3.0,3.0,60.0,60.0,46,0.06521739130434782
tb,2023-01,1.0,1.0,1.0,,,46,0.021739130434782608
tb,2023-02,2.0,3.0,3.0,60.0,60.0,46,0.06521739130434782
tb,2023-03,,,,60.0,60.0,46,
tb,2023-04,1.0,1.0,1.0,60.0,60.0,46,0.021739130434782608
tb,2023-05,1.0,1.0,1.0,60.0,60.0,46,0.021739130434782608
tb,2023-06,1.0,2.0,2.0,60.0,60.0,46,0.043478260869565216
tb,2023-07,1.0,1.0,1.0,60.0,60.0,46,0.021739130434782608
tb,2023-08,4.0,4.0,4.0,,,46,0.08695652173913043
tb,2023-09,2.0,2.0,2.0,60.0,60.0,46,0.043478260869565216
tb,2023-11,1.0,1.0,1.0,60.0,60.0,46,0.021739130434782608
tb,2023-12,,,,60.0,60.0,46,
tb,2024-01,1.0,1.0,1.0,60.0,60.0,46,0.021739130434782608
tb,2024-02,1.0,1.0,1.0,60.0,60.0,46,0.021739130434782608
tb,2024-03,1.0,2.0,2.0,60.0,60.0,46,0.043478260869565216
tb,2024-04,1.0,1.0,1.0,60.0,60.0,46,0.021739130434782608
tb,2024-05,3.0,3.0,3.0,60.0,60.0,46,0.06521739130434782
tb,2024-06,2.0,2.0,2.0,,,46,0.043478260869565216
tb,2024-07,3.0,4.0,4.0,,,46,0.08695652173913043
tb,2024-08,,,,60.0,60.0,46,
tb,2024-10,1.0,1.0,1.0,,,46,0.021739130434782608
thanh loc,2023-02,,,,60.0,60.0,15,
thanh loc,2023-04,2.0,2.0,2.0,60.0,60.0,15,0.13333333333333333
thanh loc,2023-05,,,,60.0,60.0,15,
thanh loc,2023-06,2.0,2.0,2.0,60.0,60.0,15,0.13333333333333333
thanh loc,2023-07,1.0,1.0,1.0,,,15,0.06666666666666667
thanh loc,2023-08,1.0,1.0,1.0,,,15,0.06666666666666667
thanh my loi,2023-04,,,,60.0,60.0,27,
thanh my loi,2023-05,1.0,1.0,1.0,60.0,60.0,27,0.037037037037037035
thanh my loi,2023-06,1.0,1.0,1.0,60.0,60.0,27,0.037037037037037035
thanh my loi,2023-07,1.0,1.0,1.0,,,27,0.037037037037037035
thanh my loi,2023-08,2.0,2.0,2.0,,,27,0.07407407407407407
thanh my loi,2023-09,,,,60.0,60.0,27,
thanh my loi,2023-11,1.0,1.0,1.0,,,27,0.037037037037037035
thanh xuan,2022-12,,,,60.0,60.0,16,
thanh xuan,2023-02,1.0,1.0,1.0,60.0,60.0,16,0.0625
thanh xuan,2023-04,1.0,1.0,1.0,60.0,60.0,16,0.0625
thanh xuan,2023-05,,,,60.0,60.0,16,
thanh xuan,2023-06,1.0,1.0,1.0,60.0,60.0,16,0.0625
thanh xuan,2023-07,1.0,1.0,1.0,,,16,0.0625
thanh xuan,2023-08,1.0,1.0,1.0,,,16,0.0625
thanh xuan,2023-10,,,,60.0,60.0,16,
thanh xuan,2023-11,1.0,1.0,1.0,,,16,0.0625
thao đien,2022-11,,,,60.0,60.0,167,
thao đien,2023-01,3.0,3.0,3.0,60.0,60.0,167,0.017964071856287425
thao đien,2023-03,1.0,1.0,1.0,,,167,0.005988023952095809
thao đien,2023-04,,,,60.0,60.0,167,
thao đien,2023-05,1.0,1.0,1.0,60.0,60.0,167,0.005988023952095809
thao đien,2023-06,1.0,1.0,1.0,,,167,0.005988023952095809
thao đien,2023-07,2.0,2.0,2.0,,,167,0.011976047904191617
thao đien,2023-09,,,,60.0,60.0,167,
thao đien,2023-11,1.0,1.0,1.0,,,167,0.005988023952095809
thi tran cu chi,2023-04,,,,60.0,60.0,9,
thi tran cu chi,2023-06,1.0,1.0,1.0,,,9,0.1111111111111111
thi tran cu chi,2023-08,,,,60.0,60.0,9,
thi tran cu chi,2023-10,1.0,1.0,1.0,,,9,0.1111111111111111
thi tran hoc mon,2023-01,,,,60.0,60.0,8,
thi tran hoc mon,2023-02,,,,60.0,60.0,8,
thi tran hoc mon,2023-03,1.0,1.0,1.0,,,8,0.125
thi tran hoc mon,2023-04,1.0,1.0,1.0,,,8,0.125
thi tran nha be,2022-12,,,,60.0,60.0,6,
thi tran nha be,2023-01,,,,60.0,60.0,6,
thi tran nha be,2023-02,1.0,1.0,1.0,60.0,60.0,6,0.16666666666666666
thi tran nha be,2023-03,1.0,1.0,1.0,,,6,0.16666666666666666
thi tran nha be,2023-04,1.0,1.0,1.0,60.0,60.0,6,0.16666666666666666
thi tran nha be,2023-06,1.0,1.0,1.0,,,6,0.16666666666666666
thi tran tan tuc,2023-01,,,,60.0,60.0,14,
thi tran tan tuc,2023-02,,,,60.0,60.0,14,
thi tran tan tuc,2023-03,1.0,1.0,1.0,,,14,0.07142857142857142
thi tran tan tuc,2023-04,1.0,1.0,1.0,,,14,0.07142857142857142
thi tran tan tuc,2023-05,,,,60.0,60.0,14,
thi tran tan tuc,2023-06,,,,60.0,60.0,14,
thi tran tan tuc,2023-07,1.0,1.0,1.0,60.0,60.0,14,0.07142857142857142
thi tran tan tuc,2023-08,2.0,2.0,2.0,,,14,0.14285714285714285
thi tran tan tuc,2023-09,1.0,1.0,1.0,,,14,0.07142857142857142
thoi an,2022-12,,,,60.0,60.0,17,
thoi an,2023-01,,,,60.0,60.0,17,
thoi an,2023-02,1.0,1.0,1.0,,,17,0.058823529411764705
thoi an,2023-03,2.0,2.0,2.0,,,17,0.11764705882352941
thoi an,2023-04,1.0,1.0,1.0,34.5,54.9,17,0.058823529411764705
thoi an,2023-05,,,,60.0,60.0,17,
thoi an,2023-06,1.0,1.0,1.0,,,17,0.058823529411764705
thoi an,2023-07,1.0,1.0,1.0,60.0,60.0,17,0.058823529411764705
thoi an,2023-08,1.0,1.0,1.0,,,17,0.058823529411764705
thoi an,2023-10,,,,60.0,60.0,17,
thoi an,2023-11,2.0,2.0,2.0,,,17,0.11764705882352941
thoi tam thon,2023-01,,,,60.0,60.0,16,
thoi tam thon,2023-03,1.0,1.0,1.0,60.0,60.0,16,0.0625
thoi tam thon,2023-05,1.0,1.0,1.0,,,16,0.0625
thoi tam thon,2023-07,,,,60.0,60.0,16,
thoi tam thon,2023-08,,,,60.0,60.0,16,
thoi tam thon,2023-09,1.0,1.0,1.0,60.0,60.0,16,0.0625
thoi tam thon,2023-10,3.0,3.0,3.0,,,16,0.1875
thoi tam thon,2023-11,1.0,1.0,1.0,,,16,0.0625
tp,2020-04,,,,60.0,60.0,41,
tp,2020-05,,,,60.0,60.0,41,
tp,2020-06,1.0,1.0,0.0,,,41,0.0
tp,2020-07,2.0,2.0,0.0,,,41,0.0
tp,2020-10,,,,60.0,60.0,41,
tp,2020-12,1.0,1.0,0.0,,,41,0.0
tp,2021-01,,,,60.0,60.0,41,
tp,2021-02,,,,60.0,60.0,41,
tp,2021-03,1.0,1.0,0.0,,,41,0.0
tp,2021-04,2.0,2.0,0.0,,,41,0.0
tp,2021-05,,,,60.0,60.0,41,
tp,2021-07,1.0,1.0,0.0,,,41,0.0
tp,2021-11,,,,60.0,60.0,41,
tp,2022-01,1.0,1.0,0.0,,,41,0.0
tp,2022-03,,,,60.0,60.0,41,
tp,2022-05,3.0,6.0,0.0,60.0,60.0,41,0.0
tp,2022-07,1.0,1.0,0.0,,,41,0.0
tp,2022-09,,,,60.0,60.0,41,
tp,2022-11,1.0,1.0,1.0,60.0,60.0,41,0.024390243902439025
tp,2022-12,,,,60.0,60.0,41,
tp,2023-01,2.0,3.0,3.0,60.0,60.0,41,0.07317073170731707
tp,2023-02,1.0,1.0,1.0,60.0,60.0,41,0.024390243902439025
tp,2023-03,2.0,2.0,2.0,,,41,0.04878048780487805
tp,2023-04,2.0,2.0,2.0,60.0,60.0,41,0.04878048780487805
tp,2023-05,1.0,1.0,1.0,,,41,0.024390243902439025
tp,2023-06,1.0,1.0,1.0,60.0,60.0,41,0.024390243902439025
tp,2023-07,,,,60.0,60.0,41,
tp,2023-08,2.0,4.0,4.0,60.0,60.0,41,0.0975609756097561
tp,2023-09,3.0,4.0,4.0,,,41,0.0975609756097561
tp,2023-10,1.0,1.0,1.0,,,41,0.024390243902439025
tp,2024-01,,,,60.0,60.0,41,
tp,2024-03,1.0,1.0,1.0,60.0,60.0,41,0.024390243902439025
tp,2024-05,1.0,1.0,1.0,60.0,60.0,41,0.024390243902439025
tp,2024-07,2.0,3.0,3.0,60.0,60.0,41,0.07317073170731707
tp,2024-09,1.0,1.0,1.0,,,41,0.024390243902439025
trung an,2022-11,,,,60.0,60.0,6,
trung an,2023-01,1.0,1.0,1.0,,,6,0.16666666666666666
trung chanh,2022-11,,,,60.0,60.0,14,
trung chanh,2023-01,1.0,1.0,1.0,,,14,0.07142857142857142
trung chanh,2023-08,,,,60.0,60.0,14,
trung chanh,2023-09,,,,60.0,60.0,14,
trung chanh,2023-10,1.0,1.0,1.0,,,14,0.07142857142857142
trung chanh,2023-11,2.0,2.0,2.0,,,14,0.14285714285714285
trung my tay,2022-11,,,,60.0,60.0,17,
trung my tay,2023-01,1.0,1.0,1.0,,,17,0.058823529411764705
truong thanh,2023-01,,,,60.0,60.0,12,
truong thanh,2023-03,1.0,1.0,1.0,60.0,60.0,12,0.08333333333333333
truong thanh,2023-05,1.0,1.0,1.0,,,12,0.08333333333333333
truong thanh,2023-07,,,,60.0,60.0,12,
truong thanh,2023-08,1.0,2.0,2.0,60.0,60.0,12,0.16666666666666666
truong thanh,2023-09,1.0,1.0,1.0,,,12,0.08333333333333333
truong thanh,2023-10,1.0,1.0,1.0,,,12,0.08333333333333333
truong tho,2023-01,,,,60.0,60.0,18,
truong tho,2023-02,,,,60.0,60.0,18,
truong tho,2023-03,2.0,2.0,2.0,,,18,0.1111111111111111
truong tho,2023-04,2.0,2.0,2.0,60.0,60.0,18,0.1111111111111111
truong tho,2023-06,1.0,1.0,1.0,,,18,0.05555555555555555
truong tho,2023-10,,,,60.0,60.0,18,
truong tho,2023-12,2.0,2.0,2.0,,,18,0.1111111111111111
tt,2019-12,,,,60.0,60.0,131,
tt,2020-02,1.0,1.0,0.0,,,131,0.0
tt,2020-05,,,,60.0,60.0,131,
tt,2020-07,1.0,1.0,0.0,,,131,0.0
tt,2020-08,,,,60.0,60.0,131,
tt,2020-09,,,,60.0,60.0,131,
tt,2020-10,1.0,1.0,0.0,,,131,0.0
tt,2020-11,2.0,2.0,0.0,,,131,0.0
tt,2020-12,,,,60.0,60.0,131,
tt,2021-01,,,,60.0,60.0,131,
tt,2021-02,3.0,3.0,0.0,60.0,60.0,131,0.0
tt,2021-03,3.0,3.0,0.0,,,131,0.0
tt,2021-04,6.0,7.0,0.0,,,131,0.0
tt,2021-05,,,,60.0,60.0,131,
tt,2021-07,2.0,2.0,0.0,,,131,0.0
tt,2021-09,,,,60.0,60.0,131,
tt,2021-10,,,,60.0,60.0,131,
tt,2021-11,2.0,3.0,0.0,60.0,60.0,131,0.0
tt,2021-12,1.0,1.0,0.0,,,131,0.0
tt,2022-01,3.0,4.0,0.0,60.0,60.0,131,0.0
tt,2022-02,,,,60.0,60.0,131,
tt,2022-03,1.0,1.0,0.0,60.0,60.0,131,0.0
tt,2022-04,2.0,2.0,0.0,60.0,60.0,131,0.0
tt,2022-05,4.0,5.0,0.0,60.0,60.0,131,0.0
tt,2022-06,1.0,3.0,0.0,60.0,60.0,131,0.0
tt,2022-07,2.0,2.0,0.0,60.0,60.0,131,0.0
tt,2022-08,3.0,3.0,0.0,60.0,60.0,131,0.0
tt,2022-09,2.0,2.0,0.0,60.0,60.0,131,0.0
tt,2022-10,4.0,10.0,0.0,60.0,60.0,131,0.0
tt,2022-11,3.0,3.0,3.0,60.0,60.0,131,0.022900763358778626
tt,2022-12,2.0,2.0,2.0,60.0,60.0,131,0.015267175572519083
tt,2023-01,2.0,5.0,5.0,60.0,60.0,131,0.03816793893129771
tt,2023-02,4.0,6.0,6.0,60.0,60.0,131,0.04580152671755725
tt,2023-03,3.0,3.0,3.0,60.0,60.0,131,0.022900763358778626
tt,2023-04,3.0,5.0,5.0,60.0,60.0,131,0.03816793893129771
tt,2023-05,4.0,5.0,5.0,60.0,60.0,131,0.03816793893129771
tt,2023-06,1.0,1.0,1.0,60.0,60.0,131,0.007633587786259542
tt,2023-07,2.0,2.0,2.0,60.0,60.0,131,0.015267175572519083
tt,2023-08,6.0,8.0,8.0,60.0,60.0,131,0.061068702290076333
tt,2023-09,4.0,7.0,7.0,60.0,60.0,131,0.05343511450381679
tt,2023-10,2.0,3.0,3.0,60.0,60.0,131,0.022900763358778626
tt,2023-11,2.0,2.0,2.0,60.0,60.0,131,0.015267175572519083
tt,2023-12,2.0,2.0,2.0,60.0,60.0,131,0.015267175572519083
tt,2024-01,1.0,2.0,2.0,60.0,60.0,131,0.015267175572519083
tt,2024-02,3.0,5.0,5.0,60.0,60.0,131,0.03816793893129771
tt,2024-03,2.0,2.0,2.0,60.0,60.0,131,0.015267175572519083
tt,2024-04,1.0,2.0,2.0,60.0,60.0,131,0.015267175572519083
tt,2024-05,3.0,3.0,3.0,60.0,60.0,131,0.022900763358778626
tt,2024-06,1.0,1.0,1.0,60.0,60.0,131,0.007633587786259542
tt,2024-07,2.0,2.0,2.0,60.0,60.0,131,0.015267175572519083
tt,2024-08,2.0,4.0,4.0,60.0,60.0,131,0.030534351145038167
tt,2024-10,1.0,1.0,1.0,60.0,60.0,131,0.007633587786259542
tt,2024-12,2.0,3.0,3.0,,,131,0.022900763358778626
vinh loc a,2022-12,,,,60.0,60.0,25,
vinh loc a,2023-01,,,,60.0,60.0,25,
vinh loc a,2023-02,1.0,1.0,1.0,60.0,60.0,25,0.04
vinh loc a,2023-03,1.0,1.0,1.0,60.0,60.0,25,0.04
vinh loc a,2023-04,2.0,2.0,2.0,60.0,60.0,25,0.08
vinh loc a,2023-05,1.0,1.0,1.0,60.0,60.0,25,0.04
vinh loc a,2023-06,1.0,1.0,1.0,,,25,0.04
vinh loc a,2023-07,3.0,4.0,4.0,60.0,60.0,25,0.16
vinh loc a,2023-08,,,,60.0,60.0,25,
vinh loc a,2023-09,3.0,3.0,3.0,12.0,12.0,25,0.12
vinh loc a,2023-10,2.0,3.0,3.0,,,25,0.12
vinh loc b,2022-11,,,,60.0,60.0,36,
vinh loc b,2022-12,,,,60.0,60.0,36,
vinh loc b,2023-01,1.0,1.0,1.0,60.0,60.0,36,0.027777777777777776
vinh loc b,2023-02,1.0,1.0,1.0,60.0,60.0,36,0.027777777777777776
vinh loc b,2023-03,1.0,1.0,1.0,60.0,60.0,36,0.027777777777777776
vinh loc b,2023-04,2.0,3.0,3.0,60.0,60.0,36,0.08333333333333333
vinh loc b,2023-05,2.0,2.0,2.0,,,36,0.05555555555555555
vinh loc b,2023-06,3.0,3.0,3.0,60.0,60.0,36,0.08333333333333333
vinh loc b,2023-07,,,,60.0,60.0,36,
vinh loc b,2023-08,3.0,3.0,3.0,,,36,0.08333333333333333
vinh loc b,2023-09,1.0,2.0,2.0,,,36,0.05555555555555555
vinh loc b,2023-10,,,,60.0,60.0,36,
vinh loc b,2023-12,1.0,1.0,1.0,,,36,0.027777777777777776
vo thi sau,2022-11,,,,60.0,60.0,139,
vo thi sau,2023-01,2.0,2.0,2.0,,,139,0.014388489208633094
vo thi sau,2023-02,,,,60.0,60.0,139,
vo thi sau,2023-04,1.0,1.0,1.0,,,139,0.007194244604316547
vo thi sau,2023-05,,,,60.0,60.0,139,
vo thi sau,2023-07,1.0,1.0,1.0,,,139,0.007194244604316547
vo thi sau,2023-10,,,,60.0,60.0,139,
vo thi sau,2023-12,1.0,1.0,1.0,,,139,0.007194244604316547
xuan thoi son,2023-01,,,,60.0,60.0,7,
xuan thoi son,2023-03,1.0,1.0,1.0,,,7,0.14285714285714285
xuan thoi son,2023-04,,,,60.0,60.0,7,
xuan thoi son,2023-06,1.0,1.0,1.0,,,7,0.14285714285714285
xuan thoi thuong,2023-02,,,,60.0,60.0,10,
xuan thoi thuong,2023-03,,,,60.0,60.0,10,
xuan thoi thuong,2023-04,1.0,1.0,1.0,60.0,60.0,10,0.1
xuan thoi thuong,2023-05,2.0,2.0,2.0,,,10,0.2
xuan thoi thuong,2023-06,1.0,1.0,1.0,,,10,0.1
xuan thoi đong,2022-11,,,,60.0,60.0,21,
xuan thoi đong,2022-12,,,,60.0,60.0,21,
xuan thoi đong,2023-01,1.0,1.0,1.0,60.0,60.0,21,0.047619047619047616
xuan thoi đong,2023-02,1.0,1.0,1.0,60.0,60.0,21,0.047619047619047616
xuan thoi đong,2023-03,2.0,2.0,2.0,60.0,60.0,21,0.09523809523809523
xuan thoi đong,2023-04,2.0,2.0,2.0,60.0,60.0,21,0.09523809523809523
xuan thoi đong,2023-05,1.0,1.0,1.0,,,21,0.047619047619047616
xuan thoi đong,2023-06,2.0,2.0,2.0,,,21,0.09523809523809523
xuan thoi đong,2023-07,,,,60.0,60.0,21,
xuan thoi đong,2023-08,,,,60.0,60.0,21,
xuan thoi đong,2023-09,1.0,1.0,1.0,,,21,0.047619047619047616
xuan thoi đong,2023-10,2.0,3.0,3.0,,,21,0.14285714285714285
đa kao,2022-11,,,,60.0,60.0,80,
đa kao,2023-01,1.0,1.0,1.0,,,80,0.0125
đa kao,2023-02,,,,9.0,9.0,80,
đa kao,2023-03,1.0,1.0,1.0,60.0,60.0,80,0.0125
đa kao,2023-05,1.0,1.0,1.0,,,80,0.0125
đa kao,2023-06,,,,60.0,60.0,80,
đa kao,2023-07,,,,60.0,60.0,80,
đa kao,2023-08,1.0,1.0,1.0,60.0,60.0,80,0.0125
đa kao,2023-09,1.0,1.0,1.0,,,80,0.0125
đa kao,2023-10,1.0,1.0,1.0,60.0,60.0,80,0.0125
đa kao,2023-11,1.0,1.0,1.0,,,80,0.0125
đa kao,2023-12,,,,11.0,11.0,80,
đa kao,2024-01,1.0,1.0,1.0,,,80,0.0125
đa phuoc,2023-02,,,,60.0,60.0,2,
đa phuoc,2023-04,1.0,1.0,1.0,,,2,0.5
đong hung thuan,2023-06,,,,60.0,60.0,19,
đong hung thuan,2023-07,1.0,1.0,1.0,60.0,60.0,19,0.05263157894736842
đong hung thuan,2023-09,1.0,1.0,1.0,,,19,0.05263157894736842
đong thanh,2022-11,,,,60.0,60.0,17,
đong thanh,2023-01,1.0,1.0,1.0,,,17,0.058823529411764705
đong thanh,2023-06,,,,60.0,60.0,17,
đong thanh,2023-07,,,,60.0,60.0,17,
đong thanh,2023-08,2.0,2.0,2.0,,,17,0.11764705882352941
,2019-11,,,,60.0,60.0,222,
,2020-01,4.0,5.0,0.0,,,222,0.0
,2020-02,,,,60.0,60.0,222,
,2020-03,,,,60.0,60.0,222,
,2020-04,1.0,1.0,0.0,,,222,0.0
,2020-05,1.0,1.0,0.0,60.0,60.0,222,0.0
,2020-07,2.0,3.0,0.0,60.0,60.0,222,0.0
,2020-08,,,,60.0,60.0,222,
,2020-09,3.0,3.0,0.0,60.0,60.0,222,0.0
,2020-10,2.0,3.0,0.0,60.0,60.0,222,0.0
,2020-11,3.0,4.0,0.0,,,222,0.0
,2020-12,4.0,5.0,0.0,60.0,60.0,222,0.0
,2021-02,2.0,2.0,0.0,60.0,60.0,222,0.0
,2021-04,1.0,1.0,0.0,60.0,60.0,222,0.0
,2021-06,1.0,1.0,0.0,60.0,60.0,222,0.0
,2021-07,,,,60.0,60.0,222,
,2021-08,1.0,1.0,0.0,60.0,60.0,222,0.0
,2021-09,1.0,1.0,0.0,60.0,60.0,222,0.0
,2021-10,1.0,1.0,0.0,60.0,60.0,222,0.0
,2021-11,4.0,4.0,0.0,60.0,60.0,222,0.0
,2021-12,3.0,3.0,0.0,60.0,60.0,222,0.0
,2022-01,7.0,8.0,0.0,60.0,60.0,222,0.0
,2022-02,1.0,1.0,0.0,60.0,60.0,222,0.0
,2022-03,1.0,1.0,0.0,60.0,60.0,222,0.0
,2022-04,2.0,4.0,0.0,60.0,60.0,222,0.0
,2022-05,1.0,1.0,0.0,,,222,0.0
,2022-06,6.0,10.0,0.0,60.0,60.0,222,0.0
,2022-07,,,,60.0,60.0,222,
,2022-08,4.0,4.0,0.0,60.0,60.0,222,0.0
,2022-09,6.0,10.0,0.0,60.0,60.0,222,0.0
,2022-10,7.0,8.0,1.0,60.0,60.0,222,0.0045045045045045045
,2022-11,5.0,7.0,7.0,60.0,60.0,222,0.03153153153153153
,2022-12,1.0,1.0,1.0,60.0,60.0,222,0.0045045045045045045
,2023-01,16.0,328.0,328.0,60.0,60.0,222,1.4774774774774775
,2023-02,17.0,308.0,308.0,60.0,60.0,222,1.3873873873873874
,2023-03,20.0,395.0,395.0,60.0,60.0,222,1.7792792792792793
,2023-04,14.0,315.0,315.0,60.0,60.0,222,1.4189189189189189
,2023-05,19.0,356.0,356.0,60.0,60.0,222,1.6036036036036037
,2023-06,21.0,398.0,398.0,60.0,60.0,222,1.7927927927927927
,2023-07,21.0,402.0,402.0,60.0,60.0,222,1.8108108108108107
,2023-08,23.0,426.0,426.0,60.0,60.0,222,1.9189189189189189
,2023-09,18.0,365.0,365.0,60.0,60.0,222,1.6441441441441442
,2023-10,21.0,451.0,451.0,60.0,60.0,222,2.0315315315315314
,2023-11,17.0,425.0,425.0,,,222,1.9144144144144144
,2023-12,21.0,473.0,473.0,,,222,2.130630630630631
,2024-10,,,,60.0,60.0,222,
,2024-12,1.0,1.0,1.0,,,222,0.0045045045045045045
,NaT,0.0,248.0,0.0,,,222,0.0
